range_id,deviation_code,grades
"0-3","A","{""9"":[295,270],""10"":[310,270],""11"":[330,270],""12"":[370,270],""13"":[410,270]}"
"3-6","A","{""9"":[300,270],""10"":[318,270],""11"":[345,270],""12"":[390,270],""13"":[450,270]}"
"6-10","A","{""9"":[316,280],""10"":[338,280],""11"":[370,280],""12"":[430,280],""13"":[500,280]}"
"10-18","A","{""9"":[333,290],""10"":[360,290],""11"":[400,290],""12"":[470,290],""13"":[560,290]}"
"18-30","A","{""9"":[352,300],""10"":[384,300],""11"":[430,300],""12"":[510,300],""13"":[630,300]}"
"30-40","A","{""9"":[372,310],""10"":[410,310],""11"":[470,310],""12"":[560,310],""13"":[700,310]}"
"40-50","A","{""9"":[382,320],""10"":[420,320],""11"":[480,320],""12"":[570,320],""13"":[710,320]}"
"50-65","A","{""9"":[414,340],""10"":[460,340],""11"":[530,340],""12"":[640,340],""13"":[800,340]}"
"65-80","A","{""9"":[434,360],""10"":[480,360],""11"":[550,360],""12"":[660,360],""13"":[820,360]}"
"80-100","A","{""9"":[467,380],""10"":[520,380],""11"":[600,380],""12"":[730,380],""13"":[920,380]}"
"100-120","A","{""9"":[497,410],""10"":[550,410],""11"":[630,410],""12"":[760,410],""13"":[950,410]}"
"120-140","A","{""9"":[560,460],""10"":[620,460],""11"":[710,460],""12"":[860,460],""13"":[1090,460]}"
"140-160","A","{""9"":[620,520],""10"":[680,520],""11"":[770,520],""12"":[920,520],""13"":[1150,520]}"
"160-180","A","{""9"":[680,580],""10"":[740,580],""11"":[830,580],""12"":[980,580],""13"":[1210,580]}"
"180-200","A","{""9"":[775,660],""10"":[845,660],""11"":[950,660],""12"":[1120,660],""13"":[1380,660]}"
"200-225","A","{""9"":[855,740],""10"":[925,740],""11"":[1030,740],""12"":[1200,740],""13"":[1460,740]}"
"225-250","A","{""9"":[935,820],""10"":[1005,820],""11"":[1110,820],""12"":[1280,820],""13"":[1540,820]}"
"250-280","A","{""9"":[1050,920],""10"":[1130,920],""11"":[1240,920],""12"":[1440,920],""13"":[1730,920]}"
"280-315","A","{""9"":[1180,1050],""10"":[1260,1050],""11"":[1370,1050],""12"":[1570,1050],""13"":[1860,1050]}"
"315-355","A","{""9"":[1340,1200],""10"":[1430,1200],""11"":[1560,1200],""12"":[1770,1200],""13"":[2090,1200]}"
"355-400","A","{""9"":[1490,1350],""10"":[1580,1350],""11"":[1710,1350],""12"":[1920,1350],""13"":[2240,1350]}"
"400-450","A","{""9"":[1655,1500],""10"":[1750,1500],""11"":[1900,1500],""12"":[2130,1500],""13"":[2470,1500]}"
"450-500","A","{""9"":[1805,1650],""10"":[1900,1650],""11"":[2050,1650],""12"":[2280,1650],""13"":[2620,1650]}"
"0-3","B","{""8"":[154,140],""9"":[165,140],""10"":[180,140],""11"":[200,140],""12"":[240,140],""13"":[280,140]}"
"3-6","B","{""8"":[158,140],""9"":[170,140],""10"":[188,140],""11"":[215,140],""12"":[260,140],""13"":[320,140]}"
"6-10","B","{""8"":[172,150],""9"":[186,150],""10"":[208,150],""11"":[240,150],""12"":[300,150],""13"":[370,150]}"
"10-18","B","{""8"":[177,150],""9"":[193,150],""10"":[220,150],""11"":[260,150],""12"":[330,150],""13"":[420,150]}"
"18-30","B","{""8"":[193,160],""9"":[212,160],""10"":[244,160],""11"":[290,160],""12"":[370,160],""13"":[490,160]}"
"30-40","B","{""8"":[209,170],""9"":[232,170],""10"":[270,170],""11"":[330,170],""12"":[420,170],""13"":[560,170]}"
"40-50","B","{""8"":[219,180],""9"":[242,180],""10"":[280,180],""11"":[340,180],""12"":[430,180],""13"":[570,180]}"
"50-65","B","{""8"":[236,190],""9"":[264,190],""10"":[310,190],""11"":[380,190],""12"":[490,190],""13"":[650,190]}"
"65-80","B","{""8"":[246,200],""9"":[274,200],""10"":[320,200],""11"":[390,200],""12"":[500,200],""13"":[660,200]}"
"80-100","B","{""8"":[274,220],""9"":[307,220],""10"":[360,220],""11"":[440,220],""12"":[570,220],""13"":[760,220]}"
"100-120","B","{""8"":[294,240],""9"":[327,240],""10"":[380,240],""11"":[460,240],""12"":[590,240],""13"":[780,240]}"
"120-140","B","{""8"":[323,260],""9"":[360,260],""10"":[420,260],""11"":[510,260],""12"":[660,260],""13"":[890,260]}"
"140-160","B","{""8"":[343,280],""9"":[380,280],""10"":[440,280],""11"":[530,280],""12"":[680,280],""13"":[910,280]}"
"160-180","B","{""8"":[373,310],""9"":[410,310],""10"":[470,310],""11"":[560,310],""12"":[710,310],""13"":[940,310]}"
"180-200","B","{""8"":[412,340],""9"":[455,340],""10"":[525,340],""11"":[630,340],""12"":[800,340],""13"":[1060,340]}"
"200-225","B","{""8"":[452,380],""9"":[495,380],""10"":[565,380],""11"":[670,380],""12"":[840,380],""13"":[1100,380]}"
"225-250","B","{""8"":[492,420],""9"":[535,420],""10"":[605,420],""11"":[710,420],""12"":[880,420],""13"":[1140,420]}"
"250-280","B","{""8"":[561,480],""9"":[610,480],""10"":[690,480],""11"":[800,480],""12"":[1000,480],""13"":[1290,480]}"
"280-315","B","{""8"":[621,540],""9"":[670,540],""10"":[750,540],""11"":[860,540],""12"":[1060,540],""13"":[1350,540]}"
"315-355","B","{""8"":[689,600],""9"":[740,600],""10"":[830,600],""11"":[960,600],""12"":[1170,600],""13"":[1490,600]}"
"355-400","B","{""8"":[769,680],""9"":[820,680],""10"":[910,680],""11"":[1040,680],""12"":[1250,680],""13"":[1570,680]}"
"400-450","B","{""8"":[857,760],""9"":[915,760],""10"":[1010,760],""11"":[1160,760],""12"":[1390,760],""13"":[1730,760]}"
"450-500","B","{""8"":[937,840],""9"":[995,840],""10"":[1090,840],""11"":[1240,840],""12"":[1470,840],""13"":[1810,840]}"
"0-3","C","{""8"":[74,60],""9"":[85,60],""10"":[100,60],""11"":[120,60],""12"":[160,60],""13"":[200,60]}"
"3-6","C","{""8"":[88,70],""9"":[100,70],""10"":[118,70],""11"":[145,70],""12"":[190,70],""13"":[250,70]}"
"6-10","C","{""8"":[102,80],""9"":[116,80],""10"":[138,80],""11"":[170,80],""12"":[230,80],""13"":[300,80]}"
"10-18","C","{""8"":[122,95],""9"":[138,95],""10"":[165,95],""11"":[205,95],""12"":[275,95],""13"":[365,95]}"
"18-30","C","{""8"":[143,110],""9"":[162,110],""10"":[194,110],""11"":[240,110],""12"":[320,110],""13"":[440,110]}"
"30-40","C","{""8"":[159,120],""9"":[182,120],""10"":[220,120],""11"":[280,120],""12"":[370,120],""13"":[510,120]}"
"40-50","C","{""8"":[169,130],""9"":[192,130],""10"":[230,130],""11"":[290,130],""12"":[380,130],""13"":[520,130]}"
"50-65","C","{""8"":[186,140],""9"":[214,140],""10"":[260,140],""11"":[330,140],""12"":[440,140],""13"":[600,140]}"
"65-80","C","{""8"":[196,150],""9"":[224,150],""10"":[270,150],""11"":[340,150],""12"":[450,150],""13"":[610,150]}"
"80-100","C","{""8"":[224,170],""9"":[257,170],""10"":[310,170],""11"":[390,170],""12"":[520,170],""13"":[710,170]}"
"100-120","C","{""8"":[234,180],""9"":[267,180],""10"":[320,180],""11"":[400,180],""12"":[530,180],""13"":[720,180]}"
"120-140","C","{""8"":[263,200],""9"":[300,200],""10"":[360,200],""11"":[450,200],""12"":[600,200],""13"":[830,200]}"
"140-160","C","{""8"":[273,210],""9"":[310,210],""10"":[370,210],""11"":[460,210],""12"":[610,210],""13"":[840,210]}"
"160-180","C","{""8"":[293,230],""9"":[330,230],""10"":[390,230],""11"":[480,230],""12"":[630,230],""13"":[860,230]}"
"180-200","C","{""8"":[312,240],""9"":[355,240],""10"":[425,240],""11"":[530,240],""12"":[700,240],""13"":[960,240]}"
"200-225","C","{""8"":[332,260],""9"":[375,260],""10"":[445,260],""11"":[550,260],""12"":[720,260],""13"":[980,260]}"
"225-250","C","{""8"":[352,280],""9"":[395,280],""10"":[465,280],""11"":[570,230],""12"":[740,280],""13"":[1000,280]}"
"250-280","C","{""8"":[381,300],""9"":[430,300],""10"":[510,300],""11"":[620,300],""12"":[820,300],""13"":[1110,300]}"
"280-315","C","{""8"":[411,330],""9"":[460,330],""10"":[540,330],""11"":[650,330],""12"":[850,330],""13"":[1140,330]}"
"315-355","C","{""8"":[449,360],""9"":[500,360],""10"":[590,360],""11"":[720,360],""12"":[930,360],""13"":[1250,360]}"
"355-400","C","{""8"":[489,400],""9"":[540,400],""10"":[630,400],""11"":[760,400],""12"":[970,400],""13"":[1290,400]}"
"400-450","C","{""8"":[537,440],""9"":[595,440],""10"":[690,440],""11"":[840,440],""12"":[1070,440],""13"":[1410,440]}"
"450-500","C","{""8"":[577,480],""9"":[635,480],""10"":[730,480],""11"":[880,480],""12"":[1110,480],""13"":[1450,480]}"
"0-3","CD","{""6"":[40,34],""7"":[44,34],""8"":[48,34],""9"":[59,34],""10"":[74,34]}"
"3-6","CD","{""6"":[54,46],""7"":[58,46],""8"":[64,46],""9"":[76,46],""10"":[94,46]}"
"6-10","CD","{""6"":[65,56],""7"":[71,56],""8"":[78,56],""9"":[92,56],""10"":[114,56]}"
"10-18","CD","{""6"":[61,50],""7"":[68,50],""8"":[77,50],""9"":[93,50],""10"":[120,50]}"
"18-30","CD","{""6"":[78,65],""7"":[86,65],""8"":[98,65],""9"":[117,65],""10"":[149,65]}"
"30-50","CD","{""6"":[96,80],""7"":[105,80],""8"":[119,80],""9"":[142,80],""10"":[180,80]}"
"50-80","CD","{""6"":[119,100],""7"":[130,100],""8"":[146,100],""9"":[174,100],""10"":[220,100]}"
"80-120","CD","{""6"":[142,120],""7"":[155,120],""8"":[174,120],""9"":[207,120],""10"":[260,120]}"
"120-180","CD","{""6"":[170,145],""7"":[185,145],""8"":[208,145],""9"":[245,145],""10"":[305,145]}"
"180-250","CD","{""6"":[199,170],""7"":[216,170],""8"":[242,170],""9"":[285,170],""10"":[355,170]}"
"250-315","CD","{""6"":[222,190],""7"":[242,190],""8"":[271,190],""9"":[320,190],""10"":[400,190]}"
"315-400","CD","{""6"":[246,210],""7"":[267,210],""8"":[299,210],""9"":[350,210],""10"":[440,210]}"
"400-500","CD","{""6"":[270,230],""7"":[293,230],""8"":[327,230],""9"":[385,230],""10"":[480,230]}"
"500-630","CD","{""6"":[304,260],""7"":[330,260],""8"":[370,260],""9"":[435,260],""10"":[540,260]}"
"630-800","CD","{""6"":[340,290],""7"":[370,290],""8"":[415,290],""9"":[490,290],""10"":[610,290]}"
"800-1000","CD","{""6"":[376,320],""7"":[410,320],""8"":[460,320],""9"":[550,320],""10"":[680,320]}"
"1000-1250","CD","{""6"":[416,350],""7"":[455,350],""8"":[515,350],""9"":[610,350],""10"":[770,350]}"
"1250-1600","CD","{""6"":[468,390],""7"":[515,390],""8"":[585,390],""9"":[700,390],""10"":[890,390]}"
"1600-2000","CD","{""6"":[522,430],""7"":[580,430],""8"":[660,430],""9"":[800,430],""10"":[1030,430]}"
"2000-2500","CD","{""6"":[590,480],""7"":[655,480],""8"":[760,480],""9"":[920,480],""10"":[1180,480]}"
"2500-3150","CD","{""6"":[655,520],""7"":[730,520],""8"":[850,520],""9"":[1060,520],""10"":[1380,520]}"
"0-3","D","{""6"":[26,20],""7"":[30,20],""8"":[34,20],""9"":[45,20],""10"":[60,20],""11"":[80,20],""12"":[120,20],""13"":[160,20]}"
"3-6","D","{""6"":[38,30],""7"":[42,30],""8"":[48,30],""9"":[60,30],""10"":[78,30],""11"":[105,30],""12"":[150,30],""13"":[210,30]}"
"6-10","D","{""6"":[49,40],""7"":[55,40],""8"":[62,40],""9"":[76,40],""10"":[98,40],""11"":[130,40],""12"":[190,40],""13"":[260,40]}"
"10-18","D","{""6"":[61,50],""7"":[68,50],""8"":[77,50],""9"":[93,50],""10"":[120,50],""11"":[160,50],""12"":[230,50],""13"":[320,50]}"
"18-30","D","{""6"":[78,65],""7"":[86,65],""8"":[98,65],""9"":[117,65],""10"":[149,65],""11"":[195,65],""12"":[275,65],""13"":[395,65]}"
"30-50","D","{""6"":[96,80],""7"":[105,80],""8"":[119,80],""9"":[142,80],""10"":[180,80],""11"":[240,80],""12"":[330,80],""13"":[470,80]}"
"50-80","D","{""6"":[119,100],""7"":[130,100],""8"":[146,100],""9"":[174,100],""10"":[220,100],""11"":[290,100],""12"":[400,100],""13"":[560,100]}"
"80-120","D","{""6"":[142,120],""7"":[155,120],""8"":[174,120],""9"":[207,120],""10"":[260,120],""11"":[340,120],""12"":[470,120],""13"":[660,120]}"
"120-180","D","{""6"":[170,145],""7"":[185,145],""8"":[208,145],""9"":[245,145],""10"":[305,145],""11"":[395,145],""12"":[545,145],""13"":[775,145]}"
"180-250","D","{""6"":[199,170],""7"":[216,170],""8"":[242,170],""9"":[285,170],""10"":[355,170],""11"":[460,170],""12"":[630,170],""13"":[890,170]}"
"250-315","D","{""6"":[222,190],""7"":[242,190],""8"":[271,190],""9"":[320,190],""10"":[400,190],""11"":[510,190],""12"":[710,190],""13"":[1000,190]}"
"315-400","D","{""6"":[246,210],""7"":[267,210],""8"":[299,210],""9"":[350,210],""10"":[440,210],""11"":[570,210],""12"":[780,210],""13"":[1100,210]}"
"400-500","D","{""6"":[270,230],""7"":[293,230],""8"":[327,230],""9"":[385,230],""10"":[480,230],""11"":[630,230],""12"":[860,230],""13"":[1200,230]}"
"500-630","D","{""6"":[304,260],""7"":[330,260],""8"":[370,260],""9"":[435,260],""10"":[540,260],""11"":[700,260],""12"":[960,260],""13"":[1360,260]}"
"630-800","D","{""6"":[340,290],""7"":[370,290],""8"":[415,290],""9"":[490,290],""10"":[610,290],""11"":[790,290],""12"":[1090,290],""13"":[1540,290]}"
"800-1000","D","{""6"":[376,320],""7"":[410,320],""8"":[460,320],""9"":[550,320],""10"":[680,320],""11"":[880,320],""12"":[1220,320],""13"":[1720,320]}"
"1000-1250","D","{""6"":[416,350],""7"":[455,350],""8"":[515,350],""9"":[610,350],""10"":[770,350],""11"":[1010,350],""12"":[1400,350],""13"":[2000,350]}"
"1250-1600","D","{""6"":[468,390],""7"":[515,390],""8"":[585,390],""9"":[700,390],""10"":[890,390],""11"":[1170,390],""12"":[1640,390],""13"":[2340,390]}"
"1600-2000","D","{""6"":[522,430],""7"":[580,430],""8"":[660,430],""9"":[800,430],""10"":[1030,430],""11"":[1350,430],""12"":[1930,430],""13"":[2730,430]}"
"2000-2500","D","{""6"":[590,480],""7"":[655,480],""8"":[760,480],""9"":[920,480],""10"":[1180,480],""11"":[1580,480],""12"":[2230,480],""13"":[3280,480]}"
"2500-3150","D","{""6"":[655,520],""7"":[730,520],""8"":[850,520],""9"":[1060,520],""10"":[1380,520],""11"":[1870,520],""12"":[2620,520],""13"":[3820,520]}"
"0-3","E","{""5"":[18,14],""6"":[20,14],""7"":[24,14],""8"":[28,14],""9"":[39,14],""10"":[54,14]}"
"3-6","E","{""5"":[25,20],""6"":[28,20],""7"":[32,20],""8"":[38,20],""9"":[50,20],""10"":[68,20]}"
"6-10","E","{""5"":[31,25],""6"":[34,25],""7"":[40,25],""8"":[47,25],""9"":[61,25],""10"":[83,25]}"
"10-18","E","{""5"":[40,32],""6"":[43,32],""7"":[50,32],""8"":[59,32],""9"":[75,32],""10"":[102,32]}"
"18-30","E","{""5"":[49,40],""6"":[53,40],""7"":[61,40],""8"":[73,40],""9"":[92,40],""10"":[124,40]}"
"30-50","E","{""5"":[61,50],""6"":[66,50],""7"":[75,50],""8"":[89,50],""9"":[112,50],""10"":[150,50]}"
"50-80","E","{""5"":[73,60],""6"":[79,60],""7"":[90,60],""8"":[106,60],""9"":[134,60],""10"":[180,60]}"
"80-120","E","{""5"":[87,72],""6"":[94,72],""7"":[107,72],""8"":[126,72],""9"":[159,72],""10"":[212,72]}"
"120-180","E","{""5"":[103,85],""6"":[110,85],""7"":[125,85],""8"":[148,85],""9"":[185,85],""10"":[245,85]}"
"180-250","E","{""5"":[120,100],""6"":[129,100],""7"":[146,100],""8"":[172,100],""9"":[215,100],""10"":[285,100]}"
"250-315","E","{""5"":[133,110],""6"":[142,110],""7"":[162,110],""8"":[191,110],""9"":[240,110],""10"":[320,110]}"
"315-400","E","{""5"":[150,125],""6"":[161,125],""7"":[182,125],""8"":[214,125],""9"":[265,125],""10"":[355,125]}"
"400-500","E","{""5"":[162,135],""6"":[175,135],""7"":[198,135],""8"":[232,135],""9"":[290,135],""10"":[385,135]}"
"500-630","E","{""5"":[189,145],""6"":[215,145],""7"":[255,145],""8"":[320,145],""9"":[425,145]}"
"630-800","E","{""5"":[210,160],""6"":[240,160],""7"":[285,160],""8"":[360,160],""9"":[480,160]}"
"800-1000","E","{""5"":[226,170],""6"":[260,170],""7"":[310,170],""8"":[400,170],""9"":[530,170]}"
"1000-1250","E","{""5"":[261,195],""6"":[300,195],""7"":[360,195],""8"":[455,195],""9"":[615,195]}"
"1250-1600","E","{""5"":[298,220],""6"":[345,220],""7"":[415,220],""8"":[530,220],""9"":[720,220]}"
"1600-2000","E","{""5"":[332,240],""6"":[390,240],""7"":[470,240],""8"":[610,240],""9"":[840,240]}"
"2000-2500","E","{""5"":[370,260],""6"":[435,260],""7"":[540,260],""8"":[700,260],""9"":[960,260]}"
"2500-3150","E","{""5"":[425,290],""6"":[500,290],""7"":[620,290],""8"":[830,290],""9"":[1150,290]}"
"0-3","EF","{""3"":[12,10],""4"":[13,10],""5"":[14,10],""6"":[16,10],""7"":[20,10],""8"":[24,10],""9"":[35,10],""10"":[50,10]}"
"3-6","EF","{""3"":[16.5,14],""4"":[18,14],""5"":[19,14],""6"":[22,14],""7"":[26,14],""8"":[32,14],""9"":[44,14],""10"":[62,14]}"
"6-10","EF","{""3"":[20.5,18],""4"":[22,18],""5"":[24,18],""6"":[27,18],""7"":[33,18],""8"":[40,18],""9"":[54,18],""10"":[76,18]}"
"10-18","F","{""3"":[19,16],""4"":[21,16],""5"":[24,16],""6"":[27,16],""7"":[34,16],""8"":[43,16],""9"":[59,16],""10"":[86,16]}"
"18-30","F","{""3"":[24,20],""4"":[26,20],""5"":[29,20],""6"":[33,20],""7"":[41,20],""8"":[53,20],""9"":[72,20],""10"":[104,20]}"
"30-50","F","{""3"":[29,25],""4"":[32,25],""5"":[36,25],""6"":[41,25],""7"":[50,25],""8"":[64,25],""9"":[87,25],""10"":[125,25]}"
"50-80","F","{""3"":[43,30],""4"":[49,30],""5"":[60,30],""6"":[76,30],""7"":[104,30]}"
"80-120","F","{""3"":[51,36],""4"":[58,36],""5"":[71,36],""6"":[90,36],""7"":[123,36]}"
"120-180","F","{""3"":[61,43],""4"":[68,43],""5"":[83,43],""6"":[106,43],""7"":[143,43]}"
"180-250","F","{""3"":[70,50],""4"":[79,50],""5"":[96,50],""6"":[122,50],""7"":[165,50]}"
"250-315","F","{""3"":[79,56],""4"":[88,56],""5"":[108,56],""6"":[137,56],""7"":[186,56]}"
"315-400","F","{""3"":[87,62],""4"":[98,62],""5"":[119,62],""6"":[151,62],""7"":[202,62]}"
"400-500","F","{""3"":[95,68],""4"":[108,68],""5"":[131,68],""6"":[165,68],""7"":[223,68]}"
"500-630","F","{""3"":[120,76],""4"":[146,76],""5"":[186,76],""6"":[251,76]}"
"630-800","F","{""3"":[130,80],""4"":[160,80],""5"":[205,80],""6"":[280,80]}"
"800-1000","F","{""3"":[142,86],""4"":[176,86],""5"":[226,86],""6"":[316,86]}"
"1000-1250","F","{""3"":[164,98],""4"":[203,98],""5"":[263,98],""6"":[358,98]}"
"1250-1600","F","{""3"":[188,110],""4"":[235,110],""5"":[305,110],""6"":[420,110]}"
"1600-2000","F","{""3"":[212,120],""4"":[270,120],""5"":[350,120],""6"":[490,120]}"
"2000-2500","F","{""3"":[240,130],""4"":[305,130],""5"":[410,130],""6"":[570,130]}"
"2500-3150","F","{""3"":[280,145],""4"":[355,145],""5"":[475,145],""6"":[685,145]}"
"0-3","FG","{""3"":[6,4],""4"":[7,4],""5"":[8,4],""6"":[10,4],""7"":[14,4],""8"":[18,4],""9"":[29,4],""10"":[44,4]}"
"3-6","FG","{""3"":[8.5,6],""4"":[10,6],""5"":[11,6],""6"":[14,6],""7"":[18,6],""8"":[24,6],""9"":[36,6],""10"":[54,6]}"
"6-10","FG","{""3"":[10.5,8],""4"":[12,8],""5"":[14,8],""6"":[17,8],""7"":[23,8],""8"":[30,8],""9"":[44,8],""10"":[66,8]}"
"0-3","G","{""3"":[4,2],""4"":[5,2],""5"":[6,2],""6"":[8,2],""7"":[12,2],""8"":[16,2],""9"":[27,2],""10"":[42,2]}"
"3-6","G","{""3"":[6.5,4],""4"":[8,4],""5"":[9,4],""6"":[12,4],""7"":[16,4],""8"":[22,4],""9"":[34,4],""10"":[52,4]}"
"6-10","G","{""3"":[7.5,5],""4"":[9,5],""5"":[11,5],""6"":[14,5],""7"":[20,5],""8"":[27,5],""9"":[41,5],""10"":[63,5]}"
"10-18","G","{""3"":[9,6],""4"":[11,6],""5"":[14,6],""6"":[17,6],""7"":[24,6],""8"":[33,6],""9"":[49,6],""10"":[76,6]}"
"18-30","G","{""3"":[11,7],""4"":[13,7],""5"":[16,7],""6"":[20,7],""7"":[28,7],""8"":[40,7],""9"":[59,7],""10"":[91,7]}"
"30-50","G","{""3"":[13,9],""4"":[16,9],""5"":[20,9],""6"":[25,9],""7"":[34,9],""8"":[48,9],""9"":[71,9],""10"":[109,9]}"
"50-80","G","{""3"":[23,10],""4"":[29,10],""5"":[40,10],""6"":[56,10]}"
"80-120","G","{""3"":[27,12],""4"":[34,12],""5"":[47,12],""6"":[66,12]}"
"120-180","G","{""3"":[32,14],""4"":[39,14],""5"":[54,14],""6"":[77,14]}"
"180-250","G","{""3"":[35,15],""4"":[44,15],""5"":[61,15],""6"":[87,15]}"
"250-315","G","{""3"":[40,17],""4"":[49,17],""5"":[69,17],""6"":[98,17]}"
"315-400","G","{""3"":[43,18],""4"":[54,18],""5"":[75,18],""6"":[107,18]}"
"400-500","G","{""3"":[47,20],""4"":[60,20],""5"":[83,20],""6"":[117,20]}"
"500-630","G","{""3"":[66,22],""4"":[92,22],""5"":[132,22]}"
"630-800","G","{""3"":[74,24],""4"":[104,24],""5"":[149,24]}"
"800-1000","G","{""3"":[82,26],""4"":[116,26],""5"":[166,26]}"
"1000-1250","G","{""3"":[94,28],""4"":[133,28],""5"":[193,28]}"
"1250-1600","G","{""3"":[108,30],""4"":[155,30],""5"":[225,30]}"
"1600-2000","G","{""3"":[124,32],""4"":[182,32],""5"":[262,32]}"
"2000-2500","G","{""3"":[144,34],""4"":[209,34],""5"":[314,34]}"
"2500-3150","G","{""3"":[173,38],""4"":[248,38],""5"":[368,38]}"
"0-3","H","{""1"":[0.8,0],""2"":[1.2,0],""3"":[2,0],""4"":[3,0],""5"":[4,0],""6"":[6,0],""7"":[10,0],""8"":[14,0],""9"":[25,0],""10"":[40,0],""11"":[60,0],""12"":[0.1,0],""13"":[0.14,0],""14"":[0.25,0],""15"":[0.4,0],""16"":[0.6,0]}"
"3-6","H","{""1"":[1,0],""2"":[1.5,0],""3"":[2.5,0],""4"":[4,0],""5"":[5,0],""6"":[8,0],""7"":[12,0],""8"":[18,0],""9"":[30,0],""10"":[48,0],""11"":[75,0],""12"":[0.12,0],""13"":[0.18,0],""14"":[0.3,0],""15"":[0.48,0],""16"":[0.75,0],""17"":[1.2,0],""18"":[1.8,0]}"
"6-10","H","{""1"":[1,0],""2"":[1.5,0],""3"":[2.5,0],""4"":[4,0],""5"":[6,0],""6"":[9,0],""7"":[15,0],""8"":[22,0],""9"":[36,0],""10"":[58,0],""11"":[90,0],""12"":[0.15,0],""13"":[0.22,0],""14"":[0.36,0],""15"":[0.58,0],""16"":[0.9,0],""17"":[1.5,0],""18"":[2.2,0]}"
"10-18","H","{""1"":[1.2,0],""2"":[2,0],""3"":[3,0],""4"":[5,0],""5"":[8,0],""6"":[11,0],""7"":[18,0],""8"":[27,0],""9"":[43,0],""10"":[70,0],""11"":[110,0],""12"":[0.18,0],""13"":[0.27,0],""14"":[0.43,0],""15"":[0.7,0],""16"":[1.1,0],""17"":[1.8,0],""18"":[2.7,0]}"
"18-30","H","{""1"":[1.5,0],""2"":[2.5,0],""3"":[4,0],""4"":[6,0],""5"":[9,0],""6"":[13,0],""7"":[21,0],""8"":[33,0],""9"":[52,0],""10"":[84,0],""11"":[130,0],""12"":[0.21,0],""13"":[0.33,0],""14"":[0.52,0],""15"":[0.84,0],""16"":[1.3,0],""17"":[2.1,0],""18"":[3.3,0]}"
"30-50","H","{""1"":[1.5,0],""2"":[2.5,0],""3"":[4,0],""4"":[7,0],""5"":[11,0],""6"":[16,0],""7"":[25,0],""8"":[39,0],""9"":[62,0],""10"":[100,0],""11"":[160,0],""12"":[0.25,0],""13"":[0.39,0],""14"":[0.62,0],""15"":[1,0],""16"":[1.6,0],""17"":[2.5,0],""18"":[3.9,0]}"
"50-80","H","{""1"":[2,0],""2"":[3,0],""3"":[5,0],""4"":[8,0],""5"":[13,0],""6"":[19,0],""7"":[30,0],""8"":[46,0],""9"":[74,0],""10"":[120,0],""11"":[190,0],""12"":[0.3,0],""13"":[0.46,0],""14"":[0.74,0],""15"":[1.2,0],""16"":[1.9,0],""17"":[3,0],""18"":[4.6,0]}"
"80-120","H","{""1"":[2.5,0],""2"":[4,0],""3"":[6,0],""4"":[10,0],""5"":[15,0],""6"":[22,0],""7"":[35,0],""8"":[54,0],""9"":[87,0],""10"":[140,0],""11"":[220,0],""12"":[0.35,0],""13"":[0.54,0],""14"":[0.87,0],""15"":[1.4,0],""16"":[2.2,0],""17"":[3.5,0],""18"":[5.4,0]}"
"120-180","H","{""1"":[3.5,0],""2"":[5,0],""3"":[8,0],""4"":[12,0],""5"":[18,0],""6"":[25,0],""7"":[40,0],""8"":[63,0],""9"":[100,0],""10"":[160,0],""11"":[250,0],""12"":[0.4,0],""13"":[0.63,0],""14"":[1,0],""15"":[1.6,0],""16"":[2.5,0],""17"":[4,0],""18"":[6.3,0]}"
"180-250","H","{""1"":[4.5,0],""2"":[7,0],""3"":[10,0],""4"":[14,0],""5"":[20,0],""6"":[29,0],""7"":[46,0],""8"":[72,0],""9"":[115,0],""10"":[185,0],""11"":[290,0],""12"":[0.46,0],""13"":[0.72,0],""14"":[1.15,0],""15"":[1.85,0],""16"":[2.9,0],""17"":[4.6,0],""18"":[7.2,0]}"
"250-315","H","{""1"":[6,0],""2"":[8,0],""3"":[12,0],""4"":[16,0],""5"":[23,0],""6"":[32,0],""7"":[52,0],""8"":[81,0],""9"":[130,0],""10"":[210,0],""11"":[320,0],""12"":[0.52,0],""13"":[0.81,0],""14"":[1.3,0],""15"":[2.1,0],""16"":[3.2,0],""17"":[5.2,0],""18"":[8.1,0]}"
"315-400","H","{""1"":[7,0],""2"":[9,0],""3"":[13,0],""4"":[18,0],""5"":[25,0],""6"":[36,0],""7"":[57,0],""8"":[89,0],""9"":[140,0],""10"":[230,0],""11"":[360,0],""12"":[0.57,0],""13"":[0.89,0],""14"":[1.4,0],""15"":[2.3,0],""16"":[3.6,0],""17"":[5.7,0],""18"":[8.9,0]}"
"400-500","H","{""1"":[8,0],""2"":[10,0],""3"":[15,0],""4"":[20,0],""5"":[27,0],""6"":[40,0],""7"":[63,0],""8"":[97,0],""9"":[155,0],""10"":[250,0],""11"":[400,0],""12"":[0.63,0],""13"":[0.97,0],""14"":[1.55,0],""15"":[2.5,0],""16"":[4,0],""17"":[6.3,0],""18"":[9.7,0]}"
"500-630","H","{""1"":[9,0],""2"":[11,0],""3"":[16,0],""4"":[22,0],""5"":[32,0],""6"":[44,0],""7"":[70,0],""8"":[110,0],""9"":[175,0],""10"":[280,0],""11"":[440,0],""12"":[0.7,0],""13"":[1.1,0],""14"":[1.75,0],""15"":[2.8,0],""16"":[4.4,0],""17"":[7,0],""18"":[11,0]}"
"630-800","H","{""1"":[10,0],""2"":[13,0],""3"":[18,0],""4"":[25,0],""5"":[36,0],""6"":[50,0],""7"":[80,0],""8"":[125,0],""9"":[200,0],""10"":[320,0],""11"":[500,0],""12"":[0.8,0],""13"":[1.25,0],""14"":[2,0],""15"":[3.2,0],""16"":[5,0],""17"":[8,0],""18"":[12.5,0]}"
"800-1000","H","{""1"":[11,0],""2"":[15,0],""3"":[21,0],""4"":[28,0],""5"":[40,0],""6"":[56,0],""7"":[90,0],""8"":[140,0],""9"":[230,0],""10"":[360,0],""11"":[560,0],""12"":[0.9,0],""13"":[1.4,0],""14"":[2.3,0],""15"":[3.6,0],""16"":[5.6,0],""17"":[9,0],""18"":[14,0]}"
"1000-1250","H","{""1"":[13,0],""2"":[18,0],""3"":[24,0],""4"":[33,0],""5"":[47,0],""6"":[66,0],""7"":[105,0],""8"":[165,0],""9"":[260,0],""10"":[420,0],""11"":[660,0],""12"":[1.05,0],""13"":[1.65,0],""14"":[2.6,0],""15"":[4.2,0],""16"":[6.6,0],""17"":[10.5,0],""18"":[16.5,0]}"
"1250-1600","H","{""1"":[15,0],""2"":[21,0],""3"":[29,0],""4"":[39,0],""5"":[55,0],""6"":[78,0],""7"":[125,0],""8"":[195,0],""9"":[310,0],""10"":[500,0],""11"":[780,0],""12"":[1.25,0],""13"":[1.95,0],""14"":[3.1,0],""15"":[5,0],""16"":[7.8,0],""17"":[12.5,0],""18"":[19.5,0]}"
"1600-2000","H","{""1"":[18,0],""2"":[25,0],""3"":[35,0],""4"":[46,0],""5"":[65,0],""6"":[92,0],""7"":[150,0],""8"":[230,0],""9"":[370,0],""10"":[600,0],""11"":[920,0],""12"":[1.5,0],""13"":[2.3,0],""14"":[3.7,0],""15"":[6,0],""16"":[9.2,0],""17"":[15,0],""18"":[23,0]}"
"2000-2500","H","{""1"":[22,0],""2"":[30,0],""3"":[41,0],""4"":[55,0],""5"":[78,0],""6"":[110,0],""7"":[175,0],""8"":[280,0],""9"":[440,0],""10"":[700,0],""11"":[1100,0],""12"":[1.75,0],""13"":[2.8,0],""14"":[4.4,0],""15"":[7,0],""16"":[11,0],""17"":[17.5,0],""18"":[28,0]}"
"2500-3150","H","{""1"":[26,0],""2"":[36,0],""3"":[50,0],""4"":[68,0],""5"":[96,0],""6"":[135,0],""7"":[210,0],""8"":[330,0],""9"":[540,0],""10"":[860,0],""11"":[1350,0],""12"":[2.1,0],""13"":[3.3,0],""14"":[5.4,0],""15"":[8.6,0],""16"":[13.5,0],""17"":[21,0],""18"":[33,0]}"
"0-3","JS","{""1"":[0.4,-0.4],""2"":[0.6,-0.6],""3"":[1,-1],""4"":[1.5,-1.5],""5"":[2,-2],""6"":[3,-3],""7"":[5,-5],""8"":[7,-7],""9"":[12.5,-12.5],""10"":[20,-20],""11"":[30,-30],""12"":[0.05,-0.05],""13"":[0.07,-0.07],""14"":[0.125,-0.125],""15"":[0.2,-0.2],""16"":[0.3,-0.3]}"
"3-6","JS","{""1"":[0.5,-0.5],""2"":[0.75,-0.75],""3"":[1.25,-1.25],""4"":[2,-2],""5"":[2.5,-2.5],""6"":[4,-4],""7"":[6,-6],""8"":[9,-9],""9"":[15,-15],""10"":[24,-24],""11"":[37.5,-37.5],""12"":[0.06,-0.06],""13"":[0.09,-0.09],""14"":[0.15,-0.15],""15"":[0.24,-0.24],""16"":[0.375,-0.375],""17"":[0.6,-0.6],""18"":[0.9,-0.9]}"
"6-10","JS","{""1"":[0.5,-0.5],""2"":[0.75,-0.75],""3"":[1.25,-1.25],""4"":[2,-2],""5"":[3,-3],""6"":[4.5,-4.5],""7"":[7.5,-7.5],""8"":[11,-11],""9"":[18,-18],""10"":[29,-29],""11"":[45,-45],""12"":[0.075,-0.075],""13"":[0.11,-0.11],""14"":[0.18,-0.18],""15"":[0.29,-0.29],""16"":[0.45,-0.45],""17"":[0.75,-0.75],""18"":[1.1,-1.1]}"
"10-18","JS","{""1"":[0.6,-0.6],""2"":[1,-1],""3"":[1.5,-1.5],""4"":[2.5,-2.5],""5"":[4,-4],""6"":[5.5,-5.5],""7"":[9,-9],""8"":[13.5,-13.5],""9"":[21.5,-21.5],""10"":[35,-35],""11"":[55,-55],""12"":[0.09,-0.09],""13"":[0.135,-0.135],""14"":[0.215,-0.215],""15"":[0.35,-0.35],""16"":[0.55,-0.55],""17"":[0.9,-0.9],""18"":[1.35,-1.35]}"
"18-30","JS","{""1"":[0.75,-0.75],""2"":[1.25,-1.25],""3"":[2,-2],""4"":[3,-3],""5"":[4.5,-4.5],""6"":[6.5,-6.5],""7"":[10.5,-10.5],""8"":[16.5,-16.5],""9"":[26,-26],""10"":[42,-42],""11"":[65,-65],""12"":[0.105,-0.105],""13"":[0.165,-0.165],""14"":[0.26,-0.26],""15"":[0.42,-0.42],""16"":[0.65,-0.65],""17"":[1.05,-1.05],""18"":[1.65,-1.65]}"
"30-50","JS","{""1"":[0.75,-0.75],""2"":[1.25,-1.25],""3"":[2,-2],""4"":[3.5,-3.5],""5"":[5.5,-5.5],""6"":[8,-8],""7"":[12.5,-12.5],""8"":[19.5,-19.5],""9"":[31,-31],""10"":[50,-50],""11"":[80,-80],""12"":[0.125,-0.125],""13"":[0.195,-0.195],""14"":[0.31,-0.31],""15"":[0.5,-0.5],""16"":[0.8,-0.8],""17"":[1.25,-1.25],""18"":[1.95,-1.95]}"
"50-80","JS","{""1"":[1,-1],""2"":[1.5,-1.5],""3"":[2.5,-2.5],""4"":[4,-4],""5"":[6.5,-6.5],""6"":[9.5,-9.5],""7"":[15,-15],""8"":[23,-23],""9"":[37,-37],""10"":[60,-60],""11"":[95,-95],""12"":[0.15,-0.15],""13"":[0.23,-0.23],""14"":[0.37,-0.37],""15"":[0.6,-0.6],""16"":[0.95,-0.95],""17"":[1.5,-1.5],""18"":[2.3,-2.3]}"
"80-120","JS","{""1"":[1.25,-1.25],""2"":[2,-2],""3"":[3,-3],""4"":[5,-5],""5"":[7.5,-7.5],""6"":[11,-11],""7"":[17.5,-17.5],""8"":[27,-27],""9"":[43.5,-43.5],""10"":[70,-70],""11"":[110,-110],""12"":[0.175,-0.175],""13"":[0.27,-0.27],""14"":[0.435,-0.435],""15"":[0.7,-0.7],""16"":[1.1,-1.1],""17"":[1.75,-1.75],""18"":[2.7,-2.7]}"
"120-180","JS","{""1"":[1.75,-1.75],""2"":[2.5,-2.5],""3"":[4,-4],""4"":[6,-6],""5"":[9,-9],""6"":[12.5,-12.5],""7"":[20,-20],""8"":[31.5,-31.5],""9"":[50,-50],""10"":[80,-80],""11"":[125,-125],""12"":[0.2,-0.2],""13"":[0.315,-0.315],""14"":[0.5,-0.5],""15"":[0.8,-0.8],""16"":[1.25,-1.25],""17"":[2,-2],""18"":[3.15,-3.15]}"
"180-250","JS","{""1"":[2.25,-2.25],""2"":[3.5,-3.5],""3"":[5,-5],""4"":[7,-7],""5"":[10,-10],""6"":[14.5,-14.5],""7"":[23,-23],""8"":[36,-36],""9"":[57.5,-57.5],""10"":[92.5,-92.5],""11"":[145,-145],""12"":[0.23,-0.23],""13"":[0.36,-0.36],""14"":[0.575,-0.575],""15"":[0.925,-0.925],""16"":[1.45,-1.45],""17"":[2.3,-2.3],""18"":[3.6,-3.6]}"
"250-315","JS","{""1"":[3,-3],""2"":[4,-4],""3"":[6,-6],""4"":[8,-8],""5"":[11.5,-11.5],""6"":[16,-16],""7"":[26,-26],""8"":[40.5,-40.5],""9"":[65,-65],""10"":[105,-105],""11"":[160,-160],""12"":[0.26,-0.26],""13"":[0.405,-0.405],""14"":[0.65,-0.65],""15"":[1.05,-1.05],""16"":[1.6,-1.6],""17"":[2.6,-2.6],""18"":[4.05,-4.05]}"
"315-400","JS","{""1"":[3.5,-3.5],""2"":[4.5,-4.5],""3"":[6.5,-6.5],""4"":[9,-9],""5"":[12.5,-12.5],""6"":[18,-18],""7"":[28.5,-28.5],""8"":[44.5,-44.5],""9"":[70,-70],""10"":[115,-115],""11"":[180,-180],""12"":[0.285,-0.285],""13"":[0.445,-0.445],""14"":[0.7,-0.7],""15"":[1.15,-1.15],""16"":[1.8,-1.8],""17"":[2.85,-2.85],""18"":[4.45,-4.45]}"
"400-500","JS","{""1"":[4,-4],""2"":[5,-5],""3"":[7.5,-7.5],""4"":[10,-10],""5"":[13.5,-13.5],""6"":[20,-20],""7"":[31.5,-31.5],""8"":[48.5,-48.5],""9"":[77.5,-77.5],""10"":[125,-125],""11"":[200,-200],""12"":[0.315,-0.315],""13"":[0.485,-0.485],""14"":[0.775,-0.775],""15"":[1.25,-1.25],""16"":[2,-2],""17"":[3.15,-3.15],""18"":[4.85,-4.85]}"
"500-630","JS","{""1"":[4.5,-4.5],""2"":[5.5,-5.5],""3"":[8,-8],""4"":[11,-11],""5"":[16,-16],""6"":[22,-22],""7"":[35,-35],""8"":[56,-56],""9"":[87.5,-87.5],""10"":[140,-140],""11"":[220,-220],""12"":[0.35,-0.35],""13"":[0.55,-0.55],""14"":[0.875,-0.875],""15"":[1.4,-1.4],""16"":[2.2,-2.2],""17"":[3.5,-3.5],""18"":[5.5,-5.5]}"
"630-800","JS","{""1"":[5,-5],""2"":[6.5,-6.5],""3"":[9,-9],""4"":[12.5,-12.5],""5"":[18,-18],""6"":[25,-25],""7"":[40,-40],""8"":[62.5,-62.5],""9"":[100,-100],""10"":[160,-160],""11"":[250,-250],""12"":[0.4,-0.4],""13"":[0.625,-0.625],""14"":[1,-1],""15"":[1.6,-1.6],""16"":[2.5,-2.5],""17"":[4,-4],""18"":[6.25,-6.25]}"
"800-1000","JS","{""1"":[5.5,-5.5],""2"":[7.5,-7.5],""3"":[10.5,-10.5],""4"":[14,-14],""5"":[20,-20],""6"":[28,-28],""7"":[45,-45],""8"":[70,-70],""9"":[115,-115],""10"":[180,-180],""11"":[280,-280],""12"":[0.45,-0.45],""13"":[0.7,-0.7],""14"":[1.15,-1.15],""15"":[1.8,-1.8],""16"":[2.8,-2.8],""17"":[4.5,-4.5],""18"":[7,-7]}"
"1000-1250","JS","{""1"":[6.5,-6.5],""2"":[9,-9],""3"":[12,-12],""4"":[16.5,-16.5],""5"":[23.5,-23.5],""6"":[33,-33],""7"":[52.5,-52.5],""8"":[82.5,-82.5],""9"":[130,-130],""10"":[210,-210],""11"":[330,-330],""12"":[0.525,-0.525],""13"":[0.825,-0.825],""14"":[1.3,-1.3],""15"":[2.1,-2.1],""16"":[3.3,-3.3],""17"":[5.25,-5.25],""18"":[8.25,-8.25]}"
"1250-1600","JS","{""1"":[7.5,-7.5],""2"":[10.5,-10.5],""3"":[14.5,-14.5],""4"":[19.5,-19.5],""5"":[27.5,-27.5],""6"":[39,-39],""7"":[62.5,-62.5],""8"":[97.5,-97.5],""9"":[155,-155],""10"":[250,-250],""11"":[390,-390],""12"":[0.625,-0.625],""13"":[0.975,-0.975],""14"":[1.55,-1.55],""15"":[2.5,-2.5],""16"":[3.9,-3.9],""17"":[6.25,-6.25],""18"":[9.75,-9.75]}"
"1600-2000","JS","{""1"":[9,-9],""2"":[12.5,-12.5],""3"":[17.5,-17.5],""4"":[23,-23],""5"":[32.5,-32.5],""6"":[46,-46],""7"":[75,-75],""8"":[115,-115],""9"":[185,-185],""10"":[300,-300],""11"":[460,-460],""12"":[0.75,-0.75],""13"":[1.15,-1.15],""14"":[1.85,-1.85],""15"":[3,-3],""16"":[4.6,-4.6],""17"":[7.5,-7.5],""18"":[11.5,-11.5]}"
"2000-2500","JS","{""1"":[11,-11],""2"":[15,-15],""3"":[20.5,-20.5],""4"":[27.5,-27.5],""5"":[39,-39],""6"":[55,-55],""7"":[87.5,-87.5],""8"":[140,-140],""9"":[220,-220],""10"":[350,-350],""11"":[550,-550],""12"":[0.875,-0.875],""13"":[1.4,-1.4],""14"":[2.2,-2.2],""15"":[3.5,-3.5],""16"":[5.5,-5.5],""17"":[8.75,-8.75],""18"":[14,-14]}"
"2500-3150","JS","{""1"":[13,-13],""2"":[18,-18],""3"":[25,-25],""4"":[34,-34],""5"":[48,-48],""6"":[67.5,-67.5],""7"":[105,-105],""8"":[165,-165],""9"":[270,-270],""10"":[430,-430],""11"":[675,-675],""12"":[1.05,-1.05],""13"":[1.65,-1.65],""14"":[2.7,-2.7],""15"":[4.3,-4.3],""16"":[6.75,-6.75],""17"":[10.5,-10.5],""18"":[16.5,-16.5]}"
"0-3","J","{""6"":[2,-4],""7"":[4,-6],""8"":[6,-8]}"
"3-6","J","{""6"":[5,-3],""7"":[6,-6],""8"":[10,-8]}"
"6-10","J","{""6"":[5,-4],""7"":[8,-7],""8"":[12,-10]}"
"10-18","J","{""6"":[6,-5],""7"":[10,-8],""8"":[15,-12]}"
"18-30","J","{""6"":[8,-5],""7"":[12,-9],""8"":[20,-13]}"
"30-50","J","{""6"":[10,-6],""7"":[14,-11],""8"":[24,-15]}"
"50-80","J","{""6"":[13,-6],""7"":[18,-12],""8"":[28,-18]}"
"80-120","J","{""6"":[16,-6],""7"":[22,-13],""8"":[34,-20]}"
"120-180","J","{""6"":[18,-7],""7"":[26,-14],""8"":[41,-22]}"
"180-250","J","{""6"":[22,-7],""7"":[30,-16],""8"":[47,-25]}"
"250-315","J","{""6"":[25,-7],""7"":[36,-16],""8"":[55,-26]}"
"315-400","J","{""6"":[29,-7],""7"":[39,-18],""8"":[60,-29]}"
"400-500","J","{""6"":[33,-7],""7"":[43,-20],""8"":[66,-31]}"
"0-3","K","{""3"":[0,-2],""4"":[0,-3],""5"":[0,-4],""6"":[0,-6],""7"":[0,-10],""8"":[0,-14],""9"":[0,-25],""10"":[0,-40]}"
"3-6","K","{""3"":[0,-2.5],""4"":[0.5,-3.5],""5"":[0,-5],""6"":[2,-6],""7"":[3,-9],""8"":[5,-13]}"
"6-10","K","{""3"":[0,-2.5],""4"":[0.5,-3.5],""5"":[1,-5],""6"":[2,-7],""7"":[5,-10],""8"":[6,-16]}"
"10-18","K","{""3"":[0,-3],""4"":[1,-4],""5"":[2,-6],""6"":[2,-9],""7"":[6,-12],""8"":[8,-19]}"
"18-30","K","{""3"":[-0.5,-4.5],""4"":[0,-6],""5"":[1,-8],""6"":[2,-11],""7"":[6,-15],""8"":[10,-23]}"
"30-50","K","{""3"":[-0.5,-4.5],""4"":[1,-6],""5"":[2,-9],""6"":[3,-13],""7"":[7,-18],""8"":[12,-27]}"
"50-80","K","{""5"":[3,-10],""6"":[4,-15],""7"":[9,-21],""8"":[14,-32]}"
"80-120","K","{""5"":[2,-13],""6"":[4,-18],""7"":[10,-25],""8"":[16,-38]}"
"120-180","K","{""5"":[3,-15],""6"":[4,-21],""7"":[12,-28],""8"":[20,-43]}"
"180-250","K","{""5"":[2,-18],""6"":[5,-24],""7"":[13,-33],""8"":[22,-50]}"
"250-315","K","{""5"":[3,-20],""6"":[5,-27],""7"":[16,-36],""8"":[25,-56]}"
"315-400","K","{""5"":[3,-22],""6"":[7,-29],""7"":[17,-40],""8"":[28,-61]}"
"400-500","K","{""5"":[2,-25],""6"":[8,-32],""7"":[18,-45],""8"":[29,-68]}"
"500-630","K","{""5"":[0,-44],""7"":[0,-70],""9"":[0,-110]}"
"630-800","K","{""5"":[0,-50],""7"":[0,-80],""9"":[0,-125]}"
"800-1000","K","{""5"":[0,-56],""7"":[0,-90],""9"":[0,-140]}"
"1000-1250","K","{""5"":[0,-66],""7"":[0,-105],""9"":[0,-165]}"
"1250-1600","K","{""5"":[0,-78],""7"":[0,-125],""9"":[0,-195]}"
"1600-2000","K","{""5"":[0,-92],""7"":[0,-150],""9"":[0,-230]}"
"2000-2500","K","{""5"":[0,-110],""7"":[0,-175],""9"":[0,-280]}"
"2500-3150","K","{""5"":[0,-135],""7"":[0,-210],""9"":[0,-330]}"
"0-3","M","{""3"":[-2,-4],""4"":[-2,-5],""5"":[-2,-6],""6"":[-2,-8],""7"":[-2,-12],""8"":[-2,-16],""9"":[-2,-27],""10"":[-2,-42]}"
"3-6","M","{""3"":[-3,-5.5],""4"":[-2.5,-6.5],""5"":[-3,-8],""6"":[-1,-9],""7"":[0,-12],""8"":[2,-16],""9"":[-4,-34],""10"":[-4,-52]}"
"6-10","M","{""3"":[-5,-7.5],""4"":[-4.5,-8.5],""5"":[-4,-10],""6"":[-3,-12],""7"":[0,-15],""8"":[1,-21],""9"":[-6,-42],""10"":[-6,-64]}"
"10-18","M","{""3"":[-6,-9],""4"":[-5,-10],""5"":[-4,-12],""6"":[-4,-15],""7"":[0,-18],""8"":[2,-25],""9"":[-7,-50],""10"":[-7,-77]}"
"18-30","M","{""3"":[-6.5,-10.5],""4"":[-6,-12],""5"":[-5,-14],""6"":[-4,-17],""7"":[0,-21],""8"":[4,-29],""9"":[-8,-60],""10"":[-8,-92]}"
"30-50","M","{""3"":[-7.5,-11.5],""4"":[-6,-13],""5"":[-5,-16],""6"":[-4,-20],""7"":[0,-25],""8"":[5,-34],""9"":[-9,-71],""10"":[-9,-109]}"
"50-80","M","{""5"":[-6,-19],""6"":[-5,-24],""7"":[0,-30],""8"":[5,-41]}"
"80-120","M","{""5"":[-8,-23],""6"":[-6,-28],""7"":[0,-35],""8"":[6,-48]}"
"120-180","M","{""5"":[-9,-27],""6"":[-8,-33],""7"":[0,-40],""8"":[8,-55]}"
"180-250","M","{""5"":[-11,-31],""6"":[-8,-37],""7"":[0,-46],""8"":[9,-63]}"
"250-315","M","{""5"":[-13,-36],""6"":[-9,-41],""7"":[0,-52],""8"":[9,-72]}"
"315-400","M","{""5"":[-14,-39],""6"":[-10,-46],""7"":[0,-57],""8"":[11,-78]}"
"400-500","M","{""5"":[-16,-43],""6"":[-10,-50],""7"":[0,-63],""8"":[11,-86]}"
"500-630","M","{""7"":[-26,-70],""8"":[-26,-96],""9"":[-26,-136]}"
"630-800","M","{""7"":[-30,-80],""8"":[-30,-110],""9"":[-30,-155]}"
"800-1000","M","{""7"":[-34,-90],""8"":[-34,-124],""9"":[-34,-174]}"
"1000-1250","M","{""7"":[-40,-106],""8"":[-40,-145],""9"":[-40,-205]}"
"1250-1600","M","{""7"":[-48,-126],""8"":[-48,-173],""9"":[-48,-243]}"
"1600-2000","M","{""7"":[-58,-150],""8"":[-58,-208],""9"":[-58,-288]}"
"2000-2500","M","{""7"":[-68,-178],""8"":[-68,-243],""9"":[-68,-348]}"
"2500-3150","M","{""7"":[-76,-211],""8"":[-76,-286],""9"":[-76,-406]}"
"0-3","N","{""3"":[-4,-6],""4"":[-4,-7],""5"":[-4,-8],""6"":[-4,-10],""7"":[-4,-14],""8"":[-4,-18],""9"":[-4,-29],""10"":[-4,-44],""11"":[-4,-64]}"
"3-6","N","{""3"":[-7,-9.5],""4"":[-6.5,-10.5],""5"":[-7,-12],""6"":[-5,-13],""7"":[-4,-16],""8"":[-2,-20],""9"":[0,-30],""10"":[0,-48],""11"":[0,-75]}"
"6-10","N","{""3"":[-9,-11.5],""4"":[-8.5,-12.5],""5"":[-8,-14],""6"":[-7,-16],""7"":[-4,-19],""8"":[-3,-25],""9"":[0,-36],""10"":[0,-58],""11"":[0,-90]}"
"10-18","N","{""3"":[-11,-14],""4"":[-10,-15],""5"":[-9,-17],""6"":[-9,-20],""7"":[-5,-23],""8"":[-3,-30],""9"":[0,-43],""10"":[0,-70],""11"":[0,-110]}"
"18-30","N","{""3"":[-13.5,-17.5],""4"":[-13,-19],""5"":[-12,-21],""6"":[-11,-24],""7"":[-7,-28],""8"":[-3,-36],""9"":[0,-52],""10"":[0,-84],""11"":[0,-130]}"
"30-50","N","{""3"":[-15.5,-19.5],""4"":[-14,-21],""5"":[-13,-24],""6"":[-12,-28],""7"":[-8,-33],""8"":[-3,-42],""9"":[0,-62],""10"":[0,-100],""11"":[0,-160]}"
"50-80","N","{""5"":[-15,-28],""6"":[-14,-33],""7"":[-9,-39],""8"":[-4,-50],""9"":[0,-74],""10"":[0,-120],""11"":[0,-190]}"
"80-120","N","{""5"":[-18,-33],""6"":[-16,-38],""7"":[-10,-45],""8"":[-4,-58],""9"":[0,-87],""10"":[0,-140],""11"":[0,-220]}"
"120-180","N","{""5"":[-21,-39],""6"":[-20,-45],""7"":[-12,-52],""8"":[-4,-67],""9"":[0,-100],""10"":[0,-160],""11"":[0,-250]}"
"180-250","N","{""5"":[-25,-45],""6"":[-22,-51],""7"":[-14,-60],""8"":[-5,-77],""9"":[0,-115],""10"":[0,-185],""11"":[0,-290]}"
"250-315","N","{""5"":[-27,-50],""6"":[-25,-57],""7"":[-14,-66],""8"":[-5,-86],""9"":[0,-130],""10"":[0,-210],""11"":[0,-320]}"
"315-400","N","{""5"":[-30,-55],""6"":[-26,-62],""7"":[-16,-73],""8"":[-5,-94],""9"":[0,-140],""10"":[0,-230],""11"":[0,-360]}"
"400-500","N","{""5"":[-33,-60],""6"":[-27,-67],""7"":[-17,-80],""8"":[-6,-103],""9"":[0,-155],""10"":[0,-250],""11"":[0,-400]}"
"500-630","N","{""5"":[-44,-88],""7"":[-44,-114],""9"":[-44,-154],""11"":[-44,-219]}"
"630-800","N","{""5"":[-50,-100],""7"":[-50,-130],""9"":[-50,-175],""11"":[-50,-250]}"
"800-1000","N","{""5"":[-56,-112],""7"":[-56,-146],""9"":[-56,-196],""11"":[-56,-286]}"
"1000-1250","N","{""5"":[-66,-132],""7"":[-66,-171],""9"":[-66,-231],""11"":[-66,-326]}"
"1250-1600","N","{""5"":[-78,-156],""7"":[-78,-203],""9"":[-78,-273],""11"":[-78,-388]}"
"1600-2000","N","{""5"":[-92,-184],""7"":[-92,-242],""9"":[-92,-322],""11"":[-92,-462]}"
"2000-2500","N","{""5"":[-110,-220],""7"":[-110,-285],""9"":[-110,-390],""11"":[-110,-550]}"
"2500-3150","N","{""5"":[-135,-270],""7"":[-135,-345],""9"":[-135,-465],""11"":[-135,-675]}"
"0-3","P","{""3"":[-6,-8],""4"":[-6,-9],""5"":[-6,-10],""6"":[-6,-12],""7"":[-6,-16],""8"":[-6,-20],""9"":[-6,-31],""10"":[-6,-46]}"
"3-6","P","{""3"":[-11,-13.5],""4"":[-10.5,-14.5],""5"":[-11,-16],""6"":[-9,-17],""7"":[-8,-20],""8"":[-12,-30],""9"":[-12,-42],""10"":[-12,-60]}"
"6-10","P","{""3"":[-14,-16.5],""4"":[-13.5,-17.5],""5"":[-13,-19],""6"":[-12,-21],""7"":[-9,-24],""8"":[-15,-37],""9"":[-15,-51],""10"":[-15,-73]}"
"10-18","P","{""3"":[-17,-20],""4"":[-16,-21],""5"":[-15,-23],""6"":[-15,-26],""7"":[-11,-29],""8"":[-18,-45],""9"":[-18,-61],""10"":[-18,-88]}"
"18-30","P","{""3"":[-20.5,-24.5],""4"":[-20,-26],""5"":[-19,-28],""6"":[-18,-31],""7"":[-14,-35],""8"":[-22,-55],""9"":[-22,-74],""10"":[-22,-106]}"
"30-50","P","{""3"":[-24.5,-28.5],""4"":[-23,-30],""5"":[-22,-33],""6"":[-21,-37],""7"":[-17,-42],""8"":[-26,-65],""9"":[-26,-88],""10"":[-26,-126]}"
"50-80","P","{""5"":[-27,-40],""6"":[-26,-45],""7"":[-21,-51],""8"":[-32,-78],""9"":[-32,-106]}"
"80-120","P","{""5"":[-32,-47],""6"":[-30,-52],""7"":[-24,-59],""8"":[-37,-91],""9"":[-37,-124]}"
"120-180","P","{""5"":[-37,-55],""6"":[-36,-61],""7"":[-28,-68],""8"":[-43,-106],""9"":[-43,-143]}"
"180-250","P","{""5"":[-44,-64],""6"":[-41,-70],""7"":[-33,-79],""8"":[-50,-122],""9"":[-50,-165]}"
"250-315","P","{""5"":[-49,-72],""6"":[-47,-79],""7"":[-36,-88],""8"":[-56,-137],""9"":[-56,-186]}"
"315-400","P","{""5"":[-55,-80],""6"":[-51,-87],""7"":[-41,-98],""8"":[-62,-151],""9"":[-62,-202]}"
"400-500","P","{""5"":[-61,-88],""6"":[-55,-95],""7"":[-45,-108],""8"":[-68,-165],""9"":[-68,-223]}"
"500-630","P","{""7"":[-78,-122],""8"":[-78,-148],""9"":[-78,-188],""10"":[-78,-253]}"
"630-800","P","{""7"":[-88,-138],""8"":[-88,-168],""9"":[-88,-213],""10"":[-88,-288]}"
"800-1000","P","{""7"":[-100,-156],""8"":[-100,-190],""9"":[-100,-240],""10"":[-100,-330]}"
"1000-1250","P","{""7"":[-120,-186],""8"":[-120,-225],""9"":[-120,-285],""10"":[-120,-380]}"
"1250-1600","P","{""7"":[-140,-218],""8"":[-140,-265],""9"":[-140,-335],""10"":[-140,-450]}"
"1600-2000","P","{""7"":[-170,-262],""8"":[-170,-320],""9"":[-170,-400],""10"":[-170,-540]}"
"2000-2500","P","{""7"":[-195,-305],""8"":[-195,-370],""9"":[-195,-475],""10"":[-195,-635]}"
"2500-3150","P","{""7"":[-240,-375],""8"":[-240,-450],""9"":[-240,-570],""10"":[-240,-780]}"
"0-3","R","{""3"":[-10,-12],""4"":[-10,-13],""5"":[-10,-14],""6"":[-10,-16],""7"":[-10,-20],""8"":[-10,-24],""9"":[-10,-35],""10"":[-10,-50]}"
"3-6","R","{""3"":[-14,-16.5],""4"":[-13.5,-17.6],""5"":[-14,-19],""6"":[-12,-20],""7"":[-11,-23],""8"":[-15,-33],""9"":[-15,-45],""10"":[-15,-63]}"
"6-10","R","{""3"":[-18,-20.5],""4"":[-17.5,-21.5],""5"":[-17,-23],""6"":[-16,-25],""7"":[-13,-28],""8"":[-19,-41],""9"":[-19,-55],""10"":[-19,-77]}"
"10-18","R","{""3"":[-22,-25],""4"":[-21,-26],""5"":[-20,-28],""6"":[-20,-31],""7"":[-16,-34],""8"":[-23,-50],""9"":[-23,-66],""10"":[-23,-93]}"
"18-30","R","{""3"":[-26.5,-30.5],""4"":[-26,-32],""5"":[-25,-34],""6"":[-24,-37],""7"":[-20,-41],""8"":[-28,-61],""9"":[-28,-80],""10"":[-28,-112]}"
"30-50","R","{""3"":[-32.5,-36.5],""4"":[-31,-38],""5"":[-30,-41],""6"":[-29,-45],""7"":[-25,-50],""8"":[-34,-73],""9"":[-34,-96],""10"":[-34,-134]}"
"50-65","R","{""5"":[-36,-49],""6"":[-35,-54],""7"":[-30,-60],""8"":[-41,-87]}"
"65-80","R","{""5"":[-38,-51],""6"":[-37,-56],""7"":[-32,-62],""8"":[-43,-89]}"
"80-100","R","{""5"":[-46,-61],""6"":[-44,-66],""7"":[-38,-73],""8"":[-51,-105]}"
"100-120","R","{""5"":[-49,-64],""6"":[-47,-69],""7"":[-41,-76],""8"":[-54,-108]}"
"120-140","R","{""5"":[-57,-75],""6"":[-56,-81],""7"":[-48,-88],""8"":[-63,-126]}"
"140-160","R","{""5"":[-59,-77],""6"":[-58,-83],""7"":[-50,-90],""8"":[-65,-128]}"
"160-180","R","{""5"":[-62,-80],""6"":[-61,-86],""7"":[-53,-93],""8"":[-68,-131]}"
"180-200","R","{""5"":[-71,-91],""6"":[-68,-97],""7"":[-60,-106],""8"":[-77,-149]}"
"200-225","R","{""5"":[-74,-94],""6"":[-71,-100],""7"":[-63,-109],""8"":[-80,-152]}"
"225-250","R","{""5"":[-78,-98],""6"":[-75,-104],""7"":[-67,-113],""8"":[-84,-156]}"
"250-280","R","{""5"":[-87,-110],""6"":[-85,-117],""7"":[-74,-126],""8"":[-94,-175]}"
"280-315","R","{""5"":[-91,-114],""6"":[-89,-121],""7"":[-78,-130],""8"":[-98,-179]}"
"315-355","R","{""5"":[-101,-126],""6"":[-97,-133],""7"":[-87,-144],""8"":[-108,-197]}"
"355-400","R","{""5"":[-107,-132],""6"":[-103,-139],""7"":[-93,-150],""8"":[-114,-203]}"
"400-450","R","{""5"":[-119,-146],""6"":[-113,-153],""7"":[-103,-166],""8"":[-126,-223]}"
"450-500","R","{""5"":[-125,-152],""6"":[-119,-159],""7"":[-109,-172],""8"":[-132,-229]}"
"500-560","R","{""7"":[-150,-194],""8"":[-150,-220],""9"":[-150,-260]}"
"560-630","R","{""7"":[-155,-199],""8"":[-155,-225],""9"":[-155,-265]}"
"630-710","R","{""7"":[-175,-225],""8"":[-175,-255],""9"":[-175,-300]}"
"710-800","R","{""7"":[-185,-235],""8"":[-185,-265],""9"":[-185,-310]}"
"800-900","R","{""7"":[-210,-266],""8"":[-210,-300],""9"":[-210,-350]}"
"900-1000","R","{""7"":[-220,-276],""8"":[-220,-310],""9"":[-220,-360]}"
"1000-1120","R","{""7"":[-250,-316],""8"":[-250,-355],""9"":[-250,-415]}"
"1120-1250","R","{""7"":[-260,-326],""8"":[-260,-365],""9"":[-260,-425]}"
"1250-1400","R","{""7"":[-300,-378],""8"":[-300,-425],""9"":[-300,-495]}"
"1400-1600","R","{""7"":[-330,-408],""8"":[-330,-455],""9"":[-330,-525]}"
"1600-1800","R","{""7"":[-370,-462],""8"":[-370,-520],""9"":[-370,-600]}"
"1800-2000","R","{""7"":[-400,-492],""8"":[-400,-550],""9"":[-400,-630]}"
"2000-2240","R","{""7"":[-440,-550],""8"":[-440,-615],""9"":[-440,-720]}"
"2240-2500","R","{""7"":[-460,-570],""8"":[-460,-635],""9"":[-460,-740]}"
"2500-2800","R","{""7"":[-550,-685],""8"":[-550,-760],""9"":[-550,-880]}"
"2800-3150","R","{""7"":[-580,-715],""8"":[-580,-790],""9"":[-580,-910]}"
"0-3","S","{""3"":[-14,-16],""4"":[-14,-17],""5"":[-14,-18],""6"":[-14,-20],""7"":[-14,-24],""8"":[-14,-28],""9"":[-14,-39],""10"":[-14,-54]}"
"3-6","S","{""3"":[-18,-20.5],""4"":[-17.5,-21.5],""5"":[-18,-23],""6"":[-16,-24],""7"":[-15,-27],""8"":[-19,-37],""9"":[-19,-49],""10"":[-19,-67]}"
"6-10","S","{""3"":[-22,-24.5],""4"":[-21.5,-25.5],""5"":[-21,-27],""6"":[-20,-29],""7"":[-17,-32],""8"":[-23,-45],""9"":[-23,-59],""10"":[-23,-81]}"
"10-18","S","{""3"":[-27,-30],""4"":[-26,-31],""5"":[-25,-33],""6"":[-25,-36],""7"":[-21,-39],""8"":[-28,-55],""9"":[-28,-71],""10"":[-28,-98]}"
"18-30","S","{""3"":[-33.5,-37.5],""4"":[-33,-39],""5"":[-32,-41],""6"":[-31,-44],""7"":[-27,-48],""8"":[-35,-68],""9"":[-35,-87],""10"":[-35,-119]}"
"30-50","S","{""3"":[-41.5,-45.5],""4"":[-40,-47],""5"":[-39,-50],""6"":[-38,-54],""7"":[-34,-59],""8"":[-43,-82],""9"":[-43,-105],""10"":[-43,-143]}"
"50-65","S","{""5"":[-48,-61],""6"":[-47,-66],""7"":[-42,-72],""8"":[-53,-99],""9"":[-53,-127]}"
"65-80","S","{""5"":[-54,-67],""6"":[-53,-72],""7"":[-48,-78],""8"":[-59,-105],""9"":[-59,-133]}"
"80-100","S","{""5"":[-66,-81],""6"":[-64,-86],""7"":[-58,-93],""8"":[-71,-125],""9"":[-71,-158]}"
"100-120","S","{""5"":[-74,-89],""6"":[-72,-94],""7"":[-66,-101],""8"":[-79,-133],""9"":[-79,-166]}"
"120-140","S","{""5"":[-86,-104],""6"":[-85,-110],""7"":[-77,-117],""8"":[-92,-155],""9"":[-92,-192]}"
"140-160","S","{""5"":[-94,-112],""6"":[-93,-118],""7"":[-85,-125],""8"":[-100,-163],""9"":[-100,-200]}"
"160-180","S","{""5"":[-102,-120],""6"":[-101,-126],""7"":[-93,-133],""8"":[-108,-171],""9"":[-108,-208]}"
"180-200","S","{""5"":[-116,-136],""6"":[-113,-142],""7"":[-105,-151],""8"":[-122,-194],""9"":[-122,-237]}"
"200-225","S","{""5"":[-124,-144],""6"":[-121,-150],""7"":[-113,-159],""8"":[-130,-202],""9"":[-130,-245]}"
"225-250","S","{""5"":[-134,-154],""6"":[-131,-160],""7"":[-123,-169],""8"":[-140,-212],""9"":[-140,-255]}"
"250-280","S","{""5"":[-151,-174],""6"":[-149,-181],""7"":[-138,-190],""8"":[-158,-239],""9"":[-158,-288]}"
"280-315","S","{""5"":[-163,-186],""6"":[-161,-193],""7"":[-150,-202],""8"":[-170,-251],""9"":[-170,-300]}"
"315-355","S","{""5"":[-183,-208],""6"":[-179,-215],""7"":[-169,-226],""8"":[-190,-279],""9"":[-190,-330]}"
"355-400","S","{""5"":[-201,-226],""6"":[-197,-233],""7"":[-187,-244],""8"":[-208,-297],""9"":[-208,-348]}"
"400-450","S","{""5"":[-225,-252],""6"":[-219,-259],""7"":[-209,-272],""8"":[-232,-329],""9"":[-232,-387]}"
"450-500","S","{""5"":[-245,-272],""6"":[-239,-279],""7"":[-229,-292],""8"":[-252,-349],""9"":[-252,-407]}"
"500-560","S","{""7"":[-280,-324],""8"":[-280,-350],""9"":[-280,-390]}"
"560-630","S","{""7"":[-310,-354],""8"":[-310,-380],""9"":[-310,-420]}"
"630-710","S","{""7"":[-340,-390],""8"":[-340,-420],""9"":[-340,-465]}"
"710-800","S","{""7"":[-380,-430],""8"":[-380,-460],""9"":[-380,-505]}"
"800-900","S","{""7"":[-430,-486],""8"":[-430,-520],""9"":[-430,-570]}"
"900-1000","S","{""7"":[-470,-526],""8"":[-470,-560],""9"":[-470,-610]}"
"1000-1120","S","{""7"":[-520,-586],""8"":[-520,-625],""9"":[-520,-685]}"
"1120-1250","S","{""7"":[-580,-646],""8"":[-580,-685],""9"":[-580,-745]}"
"1250-1400","S","{""7"":[-640,-718],""8"":[-640,-765],""9"":[-640,-835]}"
"1400-1600","S","{""7"":[-720,-798],""8"":[-720,-845],""9"":[-720,-915]}"
"1600-1800","S","{""7"":[-820,-912],""8"":[-820,-970],""9"":[-820,-1050]}"
"1800-2000","S","{""7"":[-920,-1012],""8"":[-920,-1070],""9"":[-920,-1150]}"
"2000-2240","S","{""7"":[-1000,-1110],""8"":[-1000,-1175],""9"":[-1000,-1280]}"
"2240-2500","S","{""7"":[-1100,-1210],""8"":[-1100,-1275],""9"":[-1100,-1380]}"
"2500-2800","S","{""7"":[-1250,-1385],""8"":[-1250,-1460],""9"":[-1250,-1580]}"
"2800-3150","S","{""7"":[-1400,-1535],""8"":[-1400,-1610],""9"":[-1400,-1730]}"
"0-3","U","{""5"":[-18,-22],""6"":[-18,-24],""7"":[-18,-28],""8"":[-18,-32],""9"":[-18,-43],""10"":[-18,-58]}"
"3-6","U","{""5"":[-22,-27],""6"":[-20,-28],""7"":[-19,-31],""8"":[-23,-41],""9"":[-23,-53],""10"":[-23,-71]}"
"6-10","U","{""5"":[-26,-32],""6"":[-25,-34],""7"":[-22,-37],""8"":[-28,-50],""9"":[-28,-64],""10"":[-28,-86]}"
"10-18","U","{""5"":[-30,-38],""6"":[-30,-41],""7"":[-26,-44],""8"":[-33,-60],""9"":[-33,-76],""10"":[-33,-103]}"
"18-24","U","{""5"":[-38,-47],""6"":[-37,-50],""7"":[-33,-54],""8"":[-41,-74],""9"":[-41,-93],""10"":[-41,-125]}"
"24-30","T","{""5"":[-38,-47],""6"":[-37,-50],""7"":[-33,-54],""8"":[-41,-74]}"
"24-30","U","{""5"":[-45,-54],""6"":[-44,-57],""7"":[-40,-61],""8"":[-48,-81],""9"":[-48,-100],""10"":[-49,-132]}"
"30-40","T","{""5"":[-44,-55],""6"":[-43,-59],""7"":[-39,-64],""8"":[-48,-87]}"
"30-40","U","{""5"":[-56,-67],""6"":[-55,-71],""7"":[-51,-76],""8"":[-60,-99],""9"":[-60,-122],""10"":[-60,-160]}"
"40-50","T","{""5"":[-50,-61],""6"":[-49,-65],""7"":[-45,-70],""8"":[-54,-93]}"
"40-50","U","{""5"":[-66,-77],""6"":[-65,-81],""7"":[-61,-86],""8"":[-70,-109],""9"":[-70,-132],""10"":[-70,-170]}"
"50-65","T","{""6"":[-60,-79],""7"":[-55,-85],""8"":[-66,-112]}"
"50-65","U","{""5"":[-81,-100],""6"":[-76,-106],""7"":[-87,-133],""8"":[-87,-161],""9"":[-87,-207]}"
"65-80","T","{""6"":[-69,-88],""7"":[-64,-94],""8"":[-75,-121]}"
"65-80","U","{""5"":[-96,-115],""6"":[-91,-121],""7"":[-102,-148],""8"":[-102,-176],""9"":[-102,-222]}"
"80-100","T","{""6"":[-84,-106],""7"":[-78,-113],""8"":[-91,-145]}"
"80-100","U","{""5"":[-117,-139],""6"":[-111,-146],""7"":[-124,-178],""8"":[-124,-211],""9"":[-124,-264]}"
"100-120","T","{""6"":[-97,-119],""7"":[-91,-126],""8"":[-104,-158]}"
"100-120","U","{""5"":[-137,-159],""6"":[-131,-166],""7"":[-144,-198],""8"":[-144,-231],""9"":[-144,-284]}"
"120-140","T","{""6"":[-115,-140],""7"":[-107,-147],""8"":[-122,-185]}"
"120-140","U","{""5"":[-163,-188],""6"":[-155,-195],""7"":[-170,-233],""8"":[-170,-270],""9"":[-170,-330]}"
"140-160","T","{""6"":[-127,-152],""7"":[-119,-159],""8"":[-134,-197]}"
"140-160","U","{""5"":[-183,-208],""6"":[-175,-215],""7"":[-190,-253],""8"":[-190,-290],""9"":[-190,-350]}"
"160-180","T","{""6"":[-139,-164],""7"":[-131,-171],""8"":[-146,-209]}"
"160-180","U","{""5"":[-203,-228],""6"":[-195,-235],""7"":[-210,-273],""8"":[-210,-310],""9"":[-210,-370]}"
"180-200","T","{""6"":[-157,-186],""7"":[-149,-195],""8"":[-166,-238]}"
"180-200","U","{""5"":[-227,-256],""6"":[-219,-265],""7"":[-236,-308],""8"":[-236,-351],""9"":[-236,-421]}"
"200-225","T","{""6"":[-171,-200],""7"":[-163,-209],""8"":[-180,-252]}"
"200-225","U","{""5"":[-249,-278],""6"":[-241,-287],""7"":[-258,-330],""8"":[-258,-373],""9"":[-258,-443]}"
"225-250","T","{""6"":[-187,-216],""7"":[-179,-225],""8"":[-196,-268]}"
"225-250","U","{""5"":[-275,-304],""6"":[-267,-313],""7"":[-284,-356],""8"":[-284,-399],""9"":[-284,-469]}"
"250-280","T","{""6"":[-209,-241],""7"":[-198,-250],""8"":[-218,-299]}"
"250-280","U","{""5"":[-306,-338],""6"":[-295,-347],""7"":[-315,-396],""8"":[-315,-445],""9"":[-315,-525]}"
"280-315","T","{""6"":[-231,-263],""7"":[-220,-272],""8"":[-240,-321]}"
"280-315","U","{""5"":[-341,-373],""6"":[-330,-382],""7"":[-350,-431],""8"":[-350,-480],""9"":[-350,-560]}"
"315-355","T","{""6"":[-257,-293],""7"":[-247,-304],""8"":[-268,-357]}"
"315-355","U","{""5"":[-379,-415],""6"":[-369,-426],""7"":[-390,-479],""8"":[-390,-530],""9"":[-390,-620]}"
"355-400","T","{""6"":[-283,-319],""7"":[-273,-330],""8"":[-294,-383]}"
"355-400","U","{""5"":[-424,-460],""6"":[-414,-471],""7"":[-435,-524],""8"":[-435,-575],""9"":[-435,-665]}"
"400-450","T","{""6"":[-317,-357],""7"":[-307,-370],""8"":[-330,-427]}"
"400-450","U","{""5"":[-477,-517],""6"":[-467,-530],""7"":[-490,-587],""8"":[-490,-645],""9"":[-490,-740]}"
"450-500","T","{""6"":[-347,-387],""7"":[-337,-400],""8"":[-360,-457]}"
"450-500","U","{""5"":[-527,-567],""6"":[-517,-580],""7"":[-540,-637],""8"":[-540,-695],""9"":[-540,-790]}"
"500-560","T","{""6"":[-400,-444],""7"":[-400,-470],""8"":[-400,-510]}"
"500-560","U","{""5"":[-600,-644],""6"":[-600,-670],""7"":[-600,-710]}"
"560-630","T","{""6"":[-450,-494],""7"":[-450,-520],""8"":[-450,-560]}"
"560-630","U","{""5"":[-660,-704],""6"":[-660,-730],""7"":[-660,-770]}"
"630-710","T","{""6"":[-500,-550],""7"":[-500,-580],""8"":[-500,-625]}"
"630-710","U","{""5"":[-740,-790],""6"":[-740,-820],""7"":[-740,-865]}"
"710-800","T","{""6"":[-560,-610],""7"":[-560,-640],""8"":[-560,-685]}"
"710-800","U","{""5"":[-840,-890],""6"":[-840,-920],""7"":[-840,-965]}"
"800-900","T","{""6"":[-620,-676],""7"":[-620,-710],""8"":[-620,-760]}"
"800-900","U","{""5"":[-940,-996],""6"":[-940,-1030],""7"":[-940,-1080]}"
"900-1000","T","{""6"":[-680,-736],""7"":[-680,-770],""8"":[-680,-820]}"
"900-1000","U","{""5"":[-1050,-1106],""6"":[-1050,-1140],""7"":[-1050,-1190]}"
"1000-1120","T","{""6"":[-700,-846],""7"":[-780,-885],""8"":[-780,-945]}"
"1000-1120","U","{""5"":[-1150,-1216],""6"":[-1150,-1255],""7"":[-1150,-1315]}"
"1120-1250","T","{""6"":[-840,-906],""7"":[-840,-945],""8"":[-840,-1005]}"
"1120-1250","U","{""5"":[-1300,-1366],""6"":[-1300,-1405],""7"":[-1300,-1465]}"
"1250-1400","T","{""6"":[-960,-1038],""7"":[-960,-1085],""8"":[-960,-1155]}"
"1250-1400","U","{""5"":[-1450,-1528],""6"":[-1450,-1575],""7"":[-1450,-1645]}"
"1400-1600","T","{""6"":[-1050,-1128],""7"":[-1050,-1175],""8"":[-1050,-1245]}"
"1400-1600","U","{""5"":[-1600,-1678],""6"":[-1600,-1725],""7"":[-1600,-1795]}"
"1600-1800","T","{""6"":[-1200,-1292],""7"":[-1200,-1350],""8"":[-1200,-1430]}"
"1600-1800","U","{""5"":[-1850,-1942],""6"":[-1850,-2000],""7"":[-1850,-2080]}"
"1800-2000","T","{""6"":[-1350,-1442],""7"":[-1350,-1500],""8"":[-1350,-1580]}"
"1800-2000","U","{""5"":[-2000,-2092],""6"":[-2000,-2150],""7"":[-2000,-2230]}"
"2000-2240","T","{""6"":[-1500,-1610],""7"":[-1500,-1675],""8"":[-1500,-1780]}"
"2000-2240","U","{""5"":[-2300,-2410],""6"":[-2300,-2475],""7"":[-2300,-2580]}"
"2240-2500","T","{""6"":[-1650,-1760],""7"":[-1650,-1825],""8"":[-1650,-1930]}"
"2240-2500","U","{""5"":[-2500,-2610],""6"":[-2500,-2675],""7"":[-2500,-2780]}"
"2500-2800","T","{""6"":[-1900,-2035],""7"":[-1900,-2110],""8"":[-1900,-2230]}"
"2500-2800","U","{""5"":[-2900,-3035],""6"":[-2900,-3110],""7"":[-2900,-3230]}"
"2800-3150","T","{""6"":[-2100,-2235],""7"":[-2100,-2310],""8"":[-2100,-2430]}"
"2800-3150","U","{""5"":[-3200,-3335],""6"":[-3200,-3410],""7"":[-3200,-3530]}"
"0-3","X","{""5"":[-20,-24],""6"":[-20,-26],""7"":[-20,-30],""8"":[-20,-34],""9"":[-20,-45],""10"":[-20,-60]}"
"3-6","X","{""5"":[-27,-32],""6"":[-25,-33],""7"":[-24,-36],""8"":[-28,-46],""9"":[-28,-58],""10"":[-28,-76]}"
"6-10","X","{""5"":[-32,-38],""6"":[-31,-40],""7"":[-28,-43],""8"":[-34,-56],""9"":[-34,-70],""10"":[-34,-92]}"
"10-14","X","{""5"":[-37,-45],""6"":[-37,-48],""7"":[-33,-51],""8"":[-40,-67],""9"":[-40,-83],""10"":[-40,-110]}"
"14-18","V","{""5"":[-36,-44],""6"":[-36,-47],""7"":[-32,-50],""8"":[-39,-66]}"
"14-18","X","{""5"":[-42,-50],""6"":[-42,-53],""7"":[-38,-56],""8"":[-45,-72],""9"":[-45,-88],""10"":[-45,-115]}"
"18-24","V","{""5"":[-44,-53],""6"":[-43,-56],""7"":[-39,-60],""8"":[-47,-80]}"
"18-24","X","{""5"":[-51,-60],""6"":[-50,-63],""7"":[-46,-67],""8"":[-54,-87],""9"":[-54,-106],""10"":[-54,-138]}"
"18-24","Y","{""6"":[-59,-72],""7"":[-55,-76],""8"":[-63,-96],""9"":[-63,-115],""10"":[-63,-147]}"
"24-30","V","{""5"":[-52,-61],""6"":[-51,-64],""7"":[-47,-68],""8"":[-55,-88]}"
"24-30","X","{""5"":[-61,-70],""6"":[-60,-73],""7"":[-56,-77],""8"":[-64,-97],""9"":[-64,-116],""10"":[-64,-148]}"
"24-30","Y","{""6"":[-71,-84],""7"":[-67,-88],""8"":[-75,-108],""9"":[-75,-127],""10"":[-75,-159]}"
"30-40","V","{""5"":[-64,-75],""6"":[-63,-79],""7"":[-59,-84],""8"":[-68,-107]}"
"30-40","X","{""5"":[-76,-87],""6"":[-75,-91],""7"":[-71,-96],""8"":[-80,-119],""9"":[-80,-142],""10"":[-80,-180]}"
"30-40","Y","{""6"":[-89,-105],""7"":[-85,-110],""8"":[-94,-133],""9"":[-94,-156],""10"":[-94,-194]}"
"40-50","V","{""5"":[-77,-88],""6"":[-76,-92],""7"":[-72,-97],""8"":[-81,-120]}"
"40-50","X","{""5"":[-93,-104],""6"":[-92,-108],""7"":[-88,-113],""8"":[-97,-136],""9"":[-97,-159],""10"":[-97,-197]}"
"40-50","Y","{""6"":[-109,-125],""7"":[-105,-130],""8"":[-114,-153],""9"":[-114,-176],""10"":[-114,-214]}"
"50-65","V","{""6"":[-96,-115],""7"":[-91,-121],""8"":[-102,-148]}"
"50-65","X","{""5"":[-116,-135],""6"":[-111,-141],""7"":[-122,-168],""8"":[-122,-196]}"
"50-65","Y","{""6"":[-138,-157],""7"":[-133,-163],""8"":[-144,-190]}"
"65-80","V","{""6"":[-114,-133],""7"":[-109,-139],""8"":[-120,-166]}"
"65-80","X","{""5"":[-140,-159],""6"":[-136,-165],""7"":[-146,-192],""8"":[-146,-220]}"
"65-80","Y","{""6"":[-168,-187],""7"":[-163,-193],""8"":[-174,-220]}"
"80-100","V","{""6"":[-139,-161],""7"":[-133,-168],""8"":[-146,-200]}"
"80-100","X","{""5"":[-171,-193],""6"":[-165,-200],""7"":[-178,-232],""8"":[-178,-265]}"
"80-100","Y","{""6"":[-207,-229],""7"":[-201,-236],""8"":[-214,-268]}"
"100-120","V","{""6"":[-165,-187],""7"":[-159,-194],""8"":[-172,-226]}"
"100-120","X","{""5"":[-203,-225],""6"":[-197,-232],""7"":[-210,-264],""8"":[-210,-297]}"
"100-120","Y","{""6"":[-247,-269],""7"":[-241,-276],""8"":[-254,-308]}"
"120-140","V","{""6"":[-195,-220],""7"":[-187,-227],""8"":[-202,-265]}"
"120-140","X","{""5"":[-241,-266],""6"":[-233,-273],""7"":[-248,-311],""8"":[-248,-348]}"
"120-140","Y","{""6"":[-293,-318],""7"":[-285,-325],""8"":[-300,-363]}"
"140-160","V","{""6"":[-221,-246],""7"":[-213,-253],""8"":[-228,-291]}"
"140-160","X","{""5"":[-273,-298],""6"":[-265,-305],""7"":[-280,-343],""8"":[-280,-380]}"
"140-160","Y","{""6"":[-333,-358],""7"":[-325,-365],""8"":[-340,-403]}"
"160-180","V","{""6"":[-245,-270],""7"":[-237,-277],""8"":[-252,-315]}"
"160-180","X","{""5"":[-303,-328],""6"":[-295,-335],""7"":[-310,-373],""8"":[-310,-410]}"
"160-180","Y","{""6"":[-373,-398],""7"":[-365,-405],""8"":[-380,-443]}"
"180-200","V","{""6"":[-275,-304],""7"":[-267,-313],""8"":[-284,-356]}"
"180-200","X","{""5"":[-341,-370],""6"":[-333,-379],""7"":[-350,-422],""8"":[-350,-465]}"
"180-200","Y","{""6"":[-416,-445],""7"":[-408,-454],""8"":[-425,-497]}"
"200-225","V","{""6"":[-301,-330],""7"":[-293,-339],""8"":[-310,-382]}"
"200-225","X","{""5"":[-376,-405],""6"":[-368,-414],""7"":[-385,-457],""8"":[-385,-500]}"
"200-225","Y","{""6"":[-461,-490],""7"":[-453,-499],""8"":[-470,-542]}"
"225-250","V","{""6"":[-331,-360],""7"":[-323,-369],""8"":[-340,-412]}"
"225-250","X","{""5"":[-416,-445],""6"":[-408,-454],""7"":[-425,-497],""8"":[-425,-540]}"
"225-250","Y","{""6"":[-511,-540],""7"":[-503,-549],""8"":[-520,-592]}"
"250-280","V","{""6"":[-376,-408],""7"":[-365,-417],""8"":[-385,-466]}"
"250-280","X","{""5"":[-466,-498],""6"":[-455,-507],""7"":[-475,-556],""8"":[-475,-605]}"
"250-280","Y","{""6"":[-571,-603],""7"":[-560,-612],""8"":[-580,-661]}"
"280-315","V","{""6"":[-416,-448],""7"":[-405,-457],""8"":[-425,-506]}"
"280-315","X","{""5"":[-516,-548],""6"":[-505,-557],""7"":[-525,-606],""8"":[-525,-655]}"
"280-315","Y","{""6"":[-641,-673],""7"":[-630,-682],""8"":[-650,-731]}"
"315-355","V","{""6"":[-464,-500],""7"":[-454,-511],""8"":[-475,-564]}"
"315-355","X","{""5"":[-579,-615],""6"":[-569,-626],""7"":[-590,-679],""8"":[-590,-730]}"
"315-355","Y","{""6"":[-719,-755],""7"":[-709,-766],""8"":[-730,-819]}"
"355-400","V","{""6"":[-519,-555],""7"":[-509,-566],""8"":[-530,-619]}"
"355-400","X","{""5"":[-649,-685],""6"":[-639,-696],""7"":[-660,-749],""8"":[-660,-800]}"
"355-400","Y","{""6"":[-809,-845],""7"":[-799,-856],""8"":[-820,-909]}"
"400-450","V","{""6"":[-582,-622],""7"":[-572,-635],""8"":[-595,-692]}"
"400-450","X","{""5"":[-727,-767],""6"":[-717,-780],""7"":[-740,-837],""8"":[-740,-895]}"
"400-450","Y","{""6"":[-907,-947],""7"":[-897,-960],""8"":[-920,-1017]}"
"450-500","V","{""6"":[-647,-687],""7"":[-637,-700],""8"":[-660,-757]}"
"450-500","X","{""5"":[-807,-847],""6"":[-797,-860],""7"":[-820,-917],""8"":[-820,-975]}"
"450-500","Y","{""6"":[-987,-1027],""7"":[-977,-1040],""8"":[-1000,-1097]}"
"0-3","Z","{""6"":[-26,-32],""7"":[-26,-36],""8"":[-26,-40],""9"":[-26,-51],""10"":[-26,-66],""11"":[-26,-86]}"
"0-3","ZA","{""6"":[-32,-38],""7"":[-32,-42],""8"":[-32,-46],""9"":[-32,-57],""10"":[-32,-72],""11"":[-32,-92]}"
"3-6","Z","{""6"":[-32,-40],""7"":[-31,-43],""8"":[-35,-53],""9"":[-35,-65],""10"":[-35,-83],""11"":[-35,-110]}"
"3-6","ZA","{""6"":[-39,-47],""7"":[-38,-50],""8"":[-42,-60],""9"":[-42,-72],""10"":[-42,-90],""11"":[-42,-117]}"
"6-10","Z","{""6"":[-39,-48],""7"":[-36,-51],""8"":[-42,-64],""9"":[-42,-78],""10"":[-42,-100],""11"":[-42,-132]}"
"6-10","ZA","{""6"":[-49,-58],""7"":[-46,-61],""8"":[-52,-74],""9"":[-52,-88],""10"":[-52,-110],""11"":[-62,-142]}"
"10-14","Z","{""6"":[-47,-58],""7"":[-43,-61],""8"":[-50,-77],""9"":[-50,-93],""10"":[-50,-120],""11"":[-50,-160]}"
"10-14","ZA","{""6"":[-61,-72],""7"":[-57,-75],""8"":[-64,-91],""9"":[-64,-107],""10"":[-64,-134],""11"":[-64,-174]}"
"14-18","Z","{""6"":[-57,-68],""7"":[-53,-71],""8"":[-60,-87],""9"":[-60,-103],""10"":[-60,-130],""11"":[-60,-170]}"
"14-18","ZA","{""6"":[-74,-85],""7"":[-70,-88],""8"":[-77,-104],""9"":[-77,-120],""10"":[-77,-147],""11"":[-77,-187]}"
"18-24","Z","{""6"":[-69,-82],""7"":[-65,-86],""8"":[-73,-106],""9"":[-73,-125],""10"":[-73,-157],""11"":[-73,-203]}"
"18-24","ZA","{""6"":[-94,-107],""7"":[-90,-111],""8"":[-98,-131],""9"":[-98,-150],""10"":[-98,-182],""11"":[-98,-228]}"
"24-30","Z","{""6"":[-84,-97],""7"":[-80,-101],""8"":[-88,-121],""9"":[-88,-140],""10"":[-88,-172],""11"":[-88,-218]}"
"24-30","ZA","{""6"":[-114,-127],""7"":[-110,-131],""8"":[-118,-151],""9"":[-118,-170],""10"":[-118,-202],""11"":[-118,-248]}"
"30-40","Z","{""6"":[-107,-123],""7"":[-103,-128],""8"":[-112,-151],""9"":[-112,-174],""10"":[-112,-212],""11"":[-112,-272]}"
"30-40","ZA","{""6"":[-143,-159],""7"":[-139,-164],""8"":[-148,-187],""9"":[-148,-210],""10"":[-148,-248],""11"":[-148,-308]}"
"40-50","Z","{""6"":[-131,-147],""7"":[-127,-152],""8"":[-136,-175],""9"":[-136,-198],""10"":[-136,-236],""11"":[-136,-296]}"
"40-50","ZA","{""6"":[-175,-191],""7"":[-171,-196],""8"":[-180,-219],""9"":[-180,-242],""10"":[-180,-280],""11"":[-180,-340]}"
"50-65","Z","{""7"":[-161,-191],""8"":[-172,-218],""9"":[-172,-246],""10"":[-172,-292],""11"":[-172,-362]}"
"50-65","ZA","{""7"":[-215,-245],""8"":[-226,-272],""9"":[-226,-300],""10"":[-226,-346],""11"":[-226,-416]}"
"65-80","Z","{""7"":[-199,-229],""8"":[-210,-256],""9"":[-210,-284],""10"":[-210,-330],""11"":[-210,-400]}"
"65-80","ZA","{""7"":[-263,-293],""8"":[-274,-320],""9"":[-274,-348],""10"":[-274,-394],""11"":[-274,-464]}"
"80-100","Z","{""7"":[-245,-280],""8"":[-258,-312],""9"":[-258,-345],""10"":[-258,-398],""11"":[-258,-478]}"
"80-100","ZA","{""7"":[-322,-357],""8"":[-335,-389],""9"":[-335,-422],""10"":[-335,-475],""11"":[-335,-555]}"
"100-120","Z","{""7"":[-297,-332],""8"":[-310,-364],""9"":[-310,-397],""10"":[-310,-450],""11"":[-310,-530]}"
"100-120","ZA","{""7"":[-387,-422],""8"":[-400,-454],""9"":[-400,-487],""10"":[-400,-540],""11"":[-400,-620]}"
"120-140","Z","{""7"":[-350,-390],""8"":[-365,-428],""9"":[-365,-465],""10"":[-365,-525],""11"":[-365,-615]}"
"120-140","ZA","{""7"":[-455,-495],""8"":[-470,-533],""9"":[-470,-570],""10"":[-470,-630],""11"":[-470,-720]}"
"140-160","Z","{""7"":[-400,-440],""8"":[-415,-478],""9"":[-415,-515],""10"":[-415,-575],""11"":[-415,-665]}"
"140-160","ZA","{""7"":[-520,-560],""8"":[-535,-598],""9"":[-535,-635],""10"":[-535,-695],""11"":[-535,-785]}"
"160-180","Z","{""7"":[-450,-490],""8"":[-465,-528],""9"":[-465,-565],""10"":[-465,-625],""11"":[-465,-715]}"
"160-180","ZA","{""7"":[-585,-625],""8"":[-600,-663],""9"":[-600,-700],""10"":[-600,-760],""11"":[-600,-850]}"
"180-200","Z","{""7"":[-503,-549],""8"":[-520,-592],""9"":[-520,-635],""10"":[-520,-705],""11"":[-520,-810]}"
"180-200","ZA","{""7"":[-653,-699],""8"":[-670,-742],""9"":[-670,-785],""10"":[-670,-855],""11"":[-670,-960]}"
"200-225","Z","{""7"":[-558,-604],""8"":[-575,-647],""9"":[-575,-690],""10"":[-575,-760],""11"":[-575,-865]}"
"200-225","ZA","{""7"":[-723,-769],""8"":[-740,-812],""9"":[-740,-855],""10"":[-740,-925],""11"":[-740,-1030]}"
"225-250","Z","{""7"":[-623,-669],""8"":[-640,-712],""9"":[-640,-755],""10"":[-640,-825],""11"":[-640,-930]}"
"225-250","ZA","{""7"":[-803,-849],""8"":[-820,-892],""9"":[-820,-935],""10"":[-820,-1005],""11"":[-820,-1110]}"
"250-280","Z","{""7"":[-690,-742],""8"":[-710,-791],""9"":[-710,-840],""10"":[-710,-920],""11"":[-710,-1030]}"
"250-280","ZA","{""7"":[-900,-952],""8"":[-920,-1001],""9"":[-920,-1050],""10"":[-920,-1130],""11"":[-920,-1240]}"
"280-315","Z","{""7"":[-770,-822],""8"":[-790,-871],""9"":[-790,-920],""10"":[-790,-1000],""11"":[-790,-1110]}"
"280-315","ZA","{""7"":[-980,-1032],""8"":[-1000,-1081],""9"":[-1000,-1130],""10"":[-1000,-1210],""11"":[-1000,-1320]}"
"315-355","Z","{""7"":[-879,-936],""8"":[-900,-989],""9"":[-900,-1040],""10"":[-900,-1130],""11"":[-900,-1260]}"
"315-355","ZA","{""7"":[-1129,-1186],""8"":[-1150,-1239],""9"":[-1150,-1290],""10"":[-1150,-1380],""11"":[-1150,-1510]}"
"355-400","Z","{""7"":[-979,-1036],""8"":[-1000,-1089],""9"":[-1000,-1140],""10"":[-1000,-1230],""11"":[-1000,-1360]}"
"355-400","ZA","{""7"":[-1279,-1336],""8"":[-1300,-1389],""9"":[-1300,-1440],""10"":[-1300,-1530],""11"":[-1300,-1660]}"
"400-450","Z","{""7"":[-1077,-1140],""8"":[-1100,-1197],""9"":[-1100,-1255],""10"":[-1100,-1350],""11"":[-1100,-1500]}"
"400-450","ZA","{""7"":[-1427,-1490],""8"":[-1450,-1547],""9"":[-1450,-1605],""10"":[-1450,-1700],""11"":[-1450,-1850]}"
"450-500","Z","{""7"":[-1227,-1290],""8"":[-1250,-1347],""9"":[-1250,-1405],""10"":[-1250,-1500],""11"":[-1250,-1650]}"
"450-500","ZA","{""7"":[-1577,-1640],""8"":[-1600,-1697],""9"":[-1600,-1755],""10"":[-1600,-1850],""11"":[-1600,-2000]}"
"0-3","ZB","{""7"":[-40,-50],""8"":[-40,-54],""9"":[-40,-65],""10"":[-40,-80],""11"":[-40,-100]}"
"0-3","ZC","{""7"":[-60,-70],""8"":[-60,-74],""9"":[-60,-85],""10"":[-60,-100],""11"":[-60,-120]}"
"3-6","ZB","{""7"":[-46,-58],""8"":[-50,-68],""9"":[-50,-80],""10"":[-50,-98],""11"":[-50,-125]}"
"3-6","ZC","{""7"":[-76,-88],""8"":[-80,-98],""9"":[-80,-110],""10"":[-80,-128],""11"":[-80,-155]}"
"6-10","ZB","{""7"":[-61,-76],""8"":[-67,-89],""9"":[-67,-103],""10"":[-67,-125],""11"":[-67,-157]}"
"6-10","ZC","{""7"":[-91,-106],""8"":[-97,-119],""9"":[-97,-133],""10"":[-97,-155],""11"":[-97,-187]}"
"10-14","ZB","{""7"":[-83,-101],""8"":[-90,-117],""9"":[-90,-133],""10"":[-90,-160],""11"":[-90,-200]}"
"10-14","ZC","{""7"":[-123,-141],""8"":[-130,-157],""9"":[-130,-173],""10"":[-130,-200],""11"":[-130,-240]}"
"14-18","ZB","{""7"":[-101,-119],""8"":[-108,-135],""9"":[-108,-151],""10"":[-108,-178],""11"":[-108,-218]}"
"14-18","ZC","{""7"":[-143,-161],""8"":[-150,-177],""9"":[-150,-193],""10"":[-150,-220],""11"":[-150,-260]}"
"18-24","ZB","{""7"":[-128,-149],""8"":[-136,-169],""9"":[-136,-188],""10"":[-136,-220],""11"":[-136,-266]}"
"18-24","ZC","{""7"":[-180,-201],""8"":[-188,-221],""9"":[-188,-240],""10"":[-188,-272],""11"":[-188,-318]}"
"24-30","ZB","{""7"":[-152,-173],""8"":[-160,-193],""9"":[-160,-212],""10"":[-160,-244],""11"":[-160,-290]}"
"24-30","ZC","{""7"":[-210,-231],""8"":[-218,-251],""9"":[-218,-270],""10"":[-218,-302],""11"":[-218,-348]}"
"30-40","ZB","{""7"":[-191,-216],""8"":[-200,-239],""9"":[-200,-262],""10"":[-200,-300],""11"":[-200,-360]}"
"30-40","ZC","{""7"":[-265,-290],""8"":[-274,-313],""9"":[-274,-336],""10"":[-274,-374],""11"":[-274,-434]}"
"40-50","ZB","{""7"":[-233,-258],""8"":[-242,-281],""9"":[-242,-304],""10"":[-242,-342],""11"":[-242,-402]}"
"40-50","ZC","{""7"":[-316,-341],""8"":[-325,-364],""9"":[-325,-387],""10"":[-325,-425],""11"":[-325,-485]}"
"50-65","ZB","{""7"":[-289,-319],""8"":[-300,-346],""9"":[-300,-374],""10"":[-300,-420],""11"":[-300,-490]}"
"50-65","ZC","{""7"":[-394,-424],""8"":[-405,-451],""9"":[-405,-479],""10"":[-405,-525],""11"":[-405,-595]}"
"65-80","ZB","{""7"":[-349,-379],""8"":[-360,-406],""9"":[-360,-434],""10"":[-360,-480],""11"":[-360,-550]}"
"65-80","ZC","{""7"":[-469,-499],""8"":[-480,-526],""9"":[-480,-554],""10"":[-480,-600],""11"":[-480,-670]}"
"80-100","ZB","{""7"":[-432,-467],""8"":[-445,-499],""9"":[-445,-532],""10"":[-445,-585],""11"":[-445,-665]}"
"80-100","ZC","{""7"":[-572,-607],""8"":[-585,-639],""9"":[-585,-672],""10"":[-585,-725],""11"":[-585,-805]}"
"100-120","ZB","{""7"":[-512,-547],""8"":[-525,-579],""9"":[-525,-612],""10"":[-525,-665],""11"":[-525,-745]}"
"100-120","ZC","{""7"":[-677,-712],""8"":[-690,-744],""9"":[-690,-777],""10"":[-690,-830],""11"":[-690,-910]}"
"120-140","ZB","{""7"":[-605,-645],""8"":[-620,-683],""9"":[-620,-720],""10"":[-620,-780],""11"":[-620,-870]}"
"120-140","ZC","{""7"":[-785,-825],""8"":[-800,-863],""9"":[-800,-900],""10"":[-800,-960],""11"":[-800,-1050]}"
"140-160","ZB","{""7"":[-685,-725],""8"":[-700,-763],""9"":[-700,-800],""10"":[-700,-860],""11"":[-700,-950]}"
"140-160","ZC","{""7"":[-885,-925],""8"":[-900,-963],""9"":[-900,-1000],""10"":[-900,-1060],""11"":[-900,-1150]}"
"160-180","ZB","{""7"":[-765,-805],""8"":[-780,-843],""9"":[-780,-880],""10"":[-780,-940],""11"":[-780,-1030]}"
"160-180","ZC","{""7"":[-985,-1025],""8"":[-1000,-1063],""9"":[-1000,-1100],""10"":[-1000,-1160],""11"":[-1000,-1250]}"
"180-200","ZB","{""7"":[-863,-909],""8"":[-880,-952],""9"":[-880,-995],""10"":[-880,-1065],""11"":[-880,-1170]}"
"180-200","ZC","{""7"":[-1133,-1179],""8"":[-1150,-1222],""9"":[-1150,-1265],""10"":[-1150,-1335],""11"":[-1150,-1440]}"
"200-225","ZB","{""7"":[-943,-989],""8"":[-960,-1032],""9"":[-960,-1075],""10"":[-960,-1145],""11"":[-960,-1250]}"
"200-225","ZC","{""7"":[-1233,-1279],""8"":[-1250,-1322],""9"":[-1250,-1365],""10"":[-1250,-1435],""11"":[-1250,-1540]}"
"225-250","ZB","{""7"":[-1033,-1079],""8"":[-1050,-1122],""9"":[-1050,-1165],""10"":[-1050,-1235],""11"":[-1050,-1340]}"
"225-250","ZC","{""7"":[-1333,-1379],""8"":[-1350,-1422],""9"":[-1350,-1465],""10"":[-1350,-1535],""11"":[-1350,-1640]}"
"250-280","ZB","{""7"":[-1180,-1232],""8"":[-1200,-1281],""9"":[-1200,-1330],""10"":[-1200,-1410],""11"":[-1200,-1520]}"
"250-280","ZC","{""7"":[-1530,-1582],""8"":[-1550,-1631],""9"":[-1550,-1680],""10"":[-1550,-1760],""11"":[-1550,-1870]}"
"280-315","ZB","{""7"":[-1280,-1332],""8"":[-1300,-1381],""9"":[-1300,-1430],""10"":[-1300,-1510],""11"":[-1300,-1620]}"
"280-315","ZC","{""7"":[-1680,-1732],""8"":[-1700,-1781],""9"":[-1700,-1830],""10"":[-1700,-1910],""11"":[-1700,-2020]}"
"315-355","ZB","{""7"":[-1479,-1536],""8"":[-1500,-1589],""9"":[-1500,-1640],""10"":[-1500,-1730],""11"":[-1500,-1860]}"
"315-355","ZC","{""7"":[-1879,-1936],""8"":[-1900,-1989],""9"":[-1900,-2040],""10"":[-1900,-2130],""11"":[-1900,-2260]}"
"355-400","ZB","{""7"":[-1629,-1686],""8"":[-1650,-1739],""9"":[-1650,-1790],""10"":[-1650,-1880],""11"":[-1650,-2010]}"
"355-400","ZC","{""7"":[-2079,-2136],""8"":[-2100,-2189],""9"":[-2100,-2240],""10"":[-2100,-2330],""11"":[-2100,-2460]}"
"400-450","ZB","{""7"":[-1827,-1890],""8"":[-1850,-1947],""9"":[-1850,-2005],""10"":[-1850,-2100],""11"":[-1850,-2250]}"
"400-450","ZC","{""7"":[-2377,-2440],""8"":[-2400,-2497],""9"":[-2400,-2555],""10"":[-2400,-2650],""11"":[-2400,-2800]}"
"450-500","ZB","{""7"":[-2077,-2140],""8"":[-2100,-2197],""9"":[-2100,-2255],""10"":[-2100,-2350],""11"":[-2100,-2500]}"
"450-500","ZC","{""7"":[-2577,-2640],""8"":[-2600,-2697],""9"":[-2600,-2755],""10"":[-2600,-2850],""11"":[-2600,-3000]}"

