A:9,10,11,12,13
B:8,9,10,11,12,13
C:8,9,10,11,12,13
CD:6,7,8,9,10
D:6,7,8,9,10,11,12,13
E:5,6,7,8,9,10
EF:3,4,5,6,7,8,9,10
F:3,4,5,6,7,8,9,10
FG:3,4,5,6,7,8,9,10
G:3,4,5,6,7,8,9,10
H:1,2,3,4,5,6,7,8,9,10,11,12,13,14,15,16,17,18
J:5,7,8,9,10
JS:1,2,3,4,5,6,7,8,9,10,11,12,13,14,15,16,17,18
K:3,4,5,6,7,8,9
M:3,4,5,6,7,8,9,10
N:3,4,5,6,7,8,9,10,11
P:3,4,5,6,7,8,9,10
R:3,4,5,6,7,8,9,10
S:3,4,5,6,7,8,9,10
T:5,6,7,8
U:5,6,7,8,9,10
V:5,6,7,8
X:5,6,7,8,9,10
Y:6,7,8,9,10
Z:6,7,8,9,10,11
ZA:6,7,8,9,10,11
ZB:7,8,9,10,11
ZC:7,8,9,10,11